-1.661024410784039951e+00,-1.319045901586690106e-01,-1.505563469797889908e+00,2.041513352260259928e-01,-5.080874261569460204e-01,-9.274896556553899885e-01,2.807027391217660206e-01,7.556699162084500321e-01,7.218406190901349717e-02,3.294613538057340030e+00,2.956052030684320001e-02,-3.263949820664989732e-01,1.355531436420770008e+00,4.745111987717999802e-01,1.195783988251919894e+00,8.318238336504289732e-02,1.143728214257949904e+00,-4.676118977299170143e-01,2.700000000000000178e-01,5.907000000000000028e+01,-1.000000000000000000e+00,1.000000000000000000e+00,1.000000000000000000e+00,0.000000000000000000e+00,5.903711378300000234e+01,5.903711378300000234e+01,2.910000000000000142e+01,4.000000000000000000e+00,2.000000000000000000e+01,-4.000000000000000000e+00,1.830000000000000000e+02,1.110000000000000000e+02,1.010999999999999899e+00,1.431999999999999940e+00,8.000000000000000444e-01,4.189999999999999858e+01,1.509999999999999964e+01,6.000000000000000000e+00,2.319999999999999929e+01,1.010999999999999943e+02,-1.000000000000000056e-01,0.000000000000000000e+00,2.000000000000000000e+00,0.000000000000000000e+00,1.010476784659999936e+02,1.010476784659999936e+02,2.950000000000000000e+01,7.000000000000000000e+00,9.170000000000000284e+01,1.500000000000000000e+01,3.113500000000000227e+02,1.130000000000000000e+02,1.169999999999999929e+00,1.453999999999999959e+00,0.000000000000000000e+00,5.039999999999999858e+01,2.380000000000000071e+01,9.500000000000000000e+00,3.500000000000000000e+01
-1.661024410784039951e+00,-1.319045901586690106e-01,-1.505563469797889908e+00,2.041513352260259928e-01,-5.080874261569460204e-01,-9.274896556553899885e-01,2.807027391217660206e-01,7.556699162084500321e-01,7.218406190901349717e-02,3.294613538057340030e+00,2.956052030684320001e-02,-3.263949820664989732e-01,1.355531436420770008e+00,4.745111987717999802e-01,1.195783988251919894e+00,8.318238336504289732e-02,1.143728214257949904e+00,-4.676118977299170143e-01,5.300000000000000266e-01,5.907000000000000028e+01,-1.000000000000000000e+00,1.000000000000000000e+00,1.000000000000000000e+00,0.000000000000000000e+00,5.903711378300000234e+01,5.903711378300000234e+01,2.910000000000000142e+01,4.000000000000000000e+00,2.000000000000000000e+01,-4.000000000000000000e+00,1.830000000000000000e+02,1.110000000000000000e+02,1.010999999999999899e+00,1.431999999999999940e+00,8.000000000000000444e-01,4.189999999999999858e+01,1.509999999999999964e+01,6.000000000000000000e+00,2.319999999999999929e+01,1.010999999999999943e+02,-1.000000000000000056e-01,0.000000000000000000e+00,2.000000000000000000e+00,0.000000000000000000e+00,1.010476784659999936e+02,1.010476784659999936e+02,2.950000000000000000e+01,7.000000000000000000e+00,9.170000000000000284e+01,1.500000000000000000e+01,3.113500000000000227e+02,1.130000000000000000e+02,1.169999999999999929e+00,1.453999999999999959e+00,0.000000000000000000e+00,5.039999999999999858e+01,2.380000000000000071e+01,9.500000000000000000e+00,3.500000000000000000e+01
-1.661024410784039951e+00,-1.319045901586690106e-01,-1.505563469797889908e+00,2.041513352260259928e-01,-5.080874261569460204e-01,-9.274896556553899885e-01,2.807027391217660206e-01,7.556699162084500321e-01,7.218406190901349717e-02,3.294613538057340030e+00,2.956052030684320001e-02,-3.263949820664989732e-01,1.355531436420770008e+00,4.745111987717999802e-01,1.195783988251919894e+00,8.318238336504289732e-02,1.143728214257949904e+00,-4.676118977299170143e-01,8.900000000000000133e-01,5.907000000000000028e+01,-1.000000000000000000e+00,1.000000000000000000e+00,1.000000000000000000e+00,0.000000000000000000e+00,5.903711378300000234e+01,5.903711378300000234e+01,2.910000000000000142e+01,4.000000000000000000e+00,2.000000000000000000e+01,-4.000000000000000000e+00,1.830000000000000000e+02,1.110000000000000000e+02,1.010999999999999899e+00,1.431999999999999940e+00,8.000000000000000444e-01,4.189999999999999858e+01,1.509999999999999964e+01,6.000000000000000000e+00,2.319999999999999929e+01,1.010999999999999943e+02,-1.000000000000000056e-01,0.000000000000000000e+00,2.000000000000000000e+00,0.000000000000000000e+00,1.010476784659999936e+02,1.010476784659999936e+02,2.950000000000000000e+01,7.000000000000000000e+00,9.170000000000000284e+01,1.500000000000000000e+01,3.113500000000000227e+02,1.130000000000000000e+02,1.169999999999999929e+00,1.453999999999999959e+00,0.000000000000000000e+00,5.039999999999999858e+01,2.380000000000000071e+01,9.500000000000000000e+00,3.500000000000000000e+01
-1.324705803059770037e+00,-1.601064662974019948e+00,6.018324436961870472e-01,-2.514903787083930253e-01,6.964265125505000320e-01,-9.066671834746520275e-02,-1.073444503424390017e+00,-1.948103052732050033e-01,-4.402574710484489784e-01,3.294613538057340030e+00,2.956052030684320001e-02,-3.263949820664989732e-01,1.355531436420770008e+00,4.745111987717999802e-01,1.195783988251919894e+00,8.318238336504289732e-02,1.143728214257949904e+00,-4.676118977299170143e-01,4.000000000000000083e-02,1.161599999999999966e+02,2.000000000000000111e-01,0.000000000000000000e+00,1.000000000000000000e+00,0.000000000000000000e+00,1.160949630110000044e+02,1.160949630110000044e+02,2.360000000000000142e+01,8.000000000000000000e+00,7.840000000000000568e+01,-1.000000000000000000e+00,1.770000000000000000e+02,2.389999999999999858e+01,2.389999999999999858e+01,1.451000000000000068e+00,1.199999999999999956e+00,4.120000000000000284e+01,3.270000000000000284e+01,1.300000000000000000e+01,3.019999999999999929e+01,1.010999999999999943e+02,-1.000000000000000056e-01,0.000000000000000000e+00,2.000000000000000000e+00,0.000000000000000000e+00,1.010476784659999936e+02,1.010476784659999936e+02,2.950000000000000000e+01,7.000000000000000000e+00,9.170000000000000284e+01,1.500000000000000000e+01,3.113500000000000227e+02,1.130000000000000000e+02,1.169999999999999929e+00,1.453999999999999959e+00,0.000000000000000000e+00,5.039999999999999858e+01,2.380000000000000071e+01,9.500000000000000000e+00,3.500000000000000000e+01
-1.324705803059770037e+00,-1.601064662974019948e+00,6.018324436961870472e-01,-2.514903787083930253e-01,6.964265125505000320e-01,-9.066671834746520275e-02,-1.073444503424390017e+00,-1.948103052732050033e-01,-4.402574710484489784e-01,3.294613538057340030e+00,2.956052030684320001e-02,-3.263949820664989732e-01,1.355531436420770008e+00,4.745111987717999802e-01,1.195783988251919894e+00,8.318238336504289732e-02,1.143728214257949904e+00,-4.676118977299170143e-01,4.400000000000000022e-01,1.161599999999999966e+02,2.000000000000000111e-01,0.000000000000000000e+00,1.000000000000000000e+00,0.000000000000000000e+00,1.160949630110000044e+02,1.160949630110000044e+02,2.360000000000000142e+01,8.000000000000000000e+00,7.840000000000000568e+01,-1.000000000000000000e+00,1.770000000000000000e+02,2.389999999999999858e+01,2.389999999999999858e+01,1.451000000000000068e+00,1.199999999999999956e+00,4.120000000000000284e+01,3.270000000000000284e+01,1.300000000000000000e+01,3.019999999999999929e+01,1.010999999999999943e+02,-1.000000000000000056e-01,0.000000000000000000e+00,2.000000000000000000e+00,0.000000000000000000e+00,1.010476784659999936e+02,1.010476784659999936e+02,2.950000000000000000e+01,7.000000000000000000e+00,9.170000000000000284e+01,1.500000000000000000e+01,3.113500000000000227e+02,1.130000000000000000e+02,1.169999999999999929e+00,1.453999999999999959e+00,0.000000000000000000e+00,5.039999999999999858e+01,2.380000000000000071e+01,9.500000000000000000e+00,3.500000000000000000e+01
-1.324705803059770037e+00,-1.601064662974019948e+00,6.018324436961870472e-01,-2.514903787083930253e-01,6.964265125505000320e-01,-9.066671834746520275e-02,-1.073444503424390017e+00,-1.948103052732050033e-01,-4.402574710484489784e-01,3.294613538057340030e+00,2.956052030684320001e-02,-3.263949820664989732e-01,1.355531436420770008e+00,4.745111987717999802e-01,1.195783988251919894e+00,8.318238336504289732e-02,1.143728214257949904e+00,-4.676118977299170143e-01,8.599999999999999867e-01,1.161599999999999966e+02,2.000000000000000111e-01,0.000000000000000000e+00,1.000000000000000000e+00,0.000000000000000000e+00,1.160949630110000044e+02,1.160949630110000044e+02,2.360000000000000142e+01,8.000000000000000000e+00,7.840000000000000568e+01,-1.000000000000000000e+00,1.770000000000000000e+02,2.389999999999999858e+01,2.389999999999999858e+01,1.451000000000000068e+00,1.199999999999999956e+00,4.120000000000000284e+01,3.270000000000000284e+01,1.300000000000000000e+01,3.019999999999999929e+01,1.010999999999999943e+02,-1.000000000000000056e-01,0.000000000000000000e+00,2.000000000000000000e+00,0.000000000000000000e+00,1.010476784659999936e+02,1.010476784659999936e+02,2.950000000000000000e+01,7.000000000000000000e+00,9.170000000000000284e+01,1.500000000000000000e+01,3.113500000000000227e+02,1.130000000000000000e+02,1.169999999999999929e+00,1.453999999999999959e+00,0.000000000000000000e+00,5.039999999999999858e+01,2.380000000000000071e+01,9.500000000000000000e+00,3.500000000000000000e+01
3.294613538057340030e+00,2.956052030684320001e-02,-3.263949820664989732e-01,1.355531436420770008e+00,4.745111987717999802e-01,1.195783988251919894e+00,8.318238336504289732e-02,1.143728214257949904e+00,-4.676118977299170143e-01,7.755623085843560416e-01,2.971401284302960022e+00,-1.544847720262420010e+00,1.070048908552029943e+00,2.572716798869900123e-01,-2.791219463064389950e-01,-1.414560245229290025e+00,-6.115376331824430300e-01,4.575656264419349917e-01,1.799999999999999933e-01,1.010999999999999943e+02,-1.000000000000000056e-01,0.000000000000000000e+00,2.000000000000000000e+00,0.000000000000000000e+00,1.010476784659999936e+02,1.010476784659999936e+02,2.950000000000000000e+01,7.000000000000000000e+00,9.170000000000000284e+01,1.500000000000000000e+01,3.113500000000000227e+02,1.130000000000000000e+02,1.169999999999999929e+00,1.453999999999999959e+00,0.000000000000000000e+00,5.039999999999999858e+01,2.380000000000000071e+01,9.500000000000000000e+00,3.500000000000000000e+01,8.609000000000000341e+01,-5.999999999999999778e-01,0.000000000000000000e+00,2.000000000000000000e+00,0.000000000000000000e+00,8.603677942999999573e+01,8.603677942999999573e+01,2.630000000000000071e+01,6.000000000000000000e+00,6.790000000000000568e+01,-4.500000000000000000e+01,2.045000000000000000e+02,9.829999999999999716e+01,1.120000000000000107e+00,1.435999999999999943e+00,2.999999999999999889e-01,4.400000000000000000e+01,2.019999999999999929e+01,8.000000000000000000e+00,3.539999999999999858e+01
3.294613538057340030e+00,2.956052030684320001e-02,-3.263949820664989732e-01,1.355531436420770008e+00,4.745111987717999802e-01,1.195783988251919894e+00,8.318238336504289732e-02,1.143728214257949904e+00,-4.676118977299170143e-01,7.755623085843560416e-01,2.971401284302960022e+00,-1.544847720262420010e+00,1.070048908552029943e+00,2.572716798869900123e-01,-2.791219463064389950e-01,-1.414560245229290025e+00,-6.115376331824430300e-01,4.575656264419349917e-01,4.500000000000000111e-01,1.010999999999999943e+02,-1.000000000000000056e-01,0.000000000000000000e+00,2.000000000000000000e+00,0.000000000000000000e+00,1.010476784659999936e+02,1.010476784659999936e+02,2.950000000000000000e+01,7.000000000000000000e+00,9.170000000000000284e+01,1.500000000000000000e+01,3.113500000000000227e+02,1.130000000000000000e+02,1.169999999999999929e+00,1.453999999999999959e+00,0.000000000000000000e+00,5.039999999999999858e+01,2.380000000000000071e+01,9.500000000000000000e+00,3.500000000000000000e+01,8.609000000000000341e+01,-5.999999999999999778e-01,0.000000000000000000e+00,2.000000000000000000e+00,0.000000000000000000e+00,8.603677942999999573e+01,8.603677942999999573e+01,2.630000000000000071e+01,6.000000000000000000e+00,6.790000000000000568e+01,-4.500000000000000000e+01,2.045000000000000000e+02,9.829999999999999716e+01,1.120000000000000107e+00,1.435999999999999943e+00,2.999999999999999889e-01,4.400000000000000000e+01,2.019999999999999929e+01,8.000000000000000000e+00,3.539999999999999858e+01
3.294613538057340030e+00,2.956052030684320001e-02,-3.263949820664989732e-01,1.355531436420770008e+00,4.745111987717999802e-01,1.195783988251919894e+00,8.318238336504289732e-02,1.143728214257949904e+00,-4.676118977299170143e-01,7.755623085843560416e-01,2.971401284302960022e+00,-1.544847720262420010e+00,1.070048908552029943e+00,2.572716798869900123e-01,-2.791219463064389950e-01,-1.414560245229290025e+00,-6.115376331824430300e-01,4.575656264419349917e-01,7.199999999999999734e-01,1.010999999999999943e+02,-1.000000000000000056e-01,0.000000000000000000e+00,2.000000000000000000e+00,0.000000000000000000e+00,1.010476784659999936e+02,1.010476784659999936e+02,2.950000000000000000e+01,7.000000000000000000e+00,9.170000000000000284e+01,1.500000000000000000e+01,3.113500000000000227e+02,1.130000000000000000e+02,1.169999999999999929e+00,1.453999999999999959e+00,0.000000000000000000e+00,5.039999999999999858e+01,2.380000000000000071e+01,9.500000000000000000e+00,3.500000000000000000e+01,8.609000000000000341e+01,-5.999999999999999778e-01,0.000000000000000000e+00,2.000000000000000000e+00,0.000000000000000000e+00,8.603677942999999573e+01,8.603677942999999573e+01,2.630000000000000071e+01,6.000000000000000000e+00,6.790000000000000568e+01,-4.500000000000000000e+01,2.045000000000000000e+02,9.829999999999999716e+01,1.120000000000000107e+00,1.435999999999999943e+00,2.999999999999999889e-01,4.400000000000000000e+01,2.019999999999999929e+01,8.000000000000000000e+00,3.539999999999999858e+01
-1.543952983828360104e+00,-1.207268231616070109e+00,-4.921516589540119724e-01,-4.234132577804100017e-01,8.970012928876679448e-01,4.013178787794099978e-01,1.657552772919899942e-01,-4.816954090123640175e-01,-5.966746512579970130e-01,2.632220583762709953e+00,-1.695548725081819974e+00,1.190243212722700061e+00,-1.205529847978469987e-01,-1.099266214050309998e+00,-9.823829984954850492e-01,-4.155956072695750070e-01,-2.301127857804899923e-01,-3.842676313816950073e-01,2.300000000000000100e-01,8.712000000000000455e+01,-8.000000000000000444e-01,0.000000000000000000e+00,1.000000000000000000e+00,0.000000000000000000e+00,8.706841391099999328e+01,8.706841391099999328e+01,2.030000000000000071e+01,6.000000000000000000e+00,5.860000000000000142e+01,-2.000000000000000000e+01,1.650000000000000000e+02,2.110000000000000142e+01,9.370000000000000551e-01,1.437000000000000055e+00,2.000000000000000000e+00,4.029999999999999716e+01,2.430000000000000071e+01,9.599999999999999645e+00,2.539999999999999858e+01,1.281699999999999875e+02,-1.000000000000000056e-01,0.000000000000000000e+00,1.000000000000000000e+00,0.000000000000000000e+00,1.280949630110000044e+02,1.280949630110000044e+02,2.360000000000000142e+01,9.000000000000000000e+00,1.120000000000000000e+02,-2.300000000000000000e+01,2.578999999999999773e+02,1.200000000000000000e+02,1.060000000000000053e+00,1.487999999999999989e+00,0.000000000000000000e+00,4.770000000000000284e+01,3.510000000000000142e+01,1.390000000000000036e+01,3.250000000000000000e+01
-1.543952983828360104e+00,-1.207268231616070109e+00,-4.921516589540119724e-01,-4.234132577804100017e-01,8.970012928876679448e-01,4.013178787794099978e-01,1.657552772919899942e-01,-4.816954090123640175e-01,-5.966746512579970130e-01,2.632220583762709953e+00,-1.695548725081819974e+00,1.190243212722700061e+00,-1.205529847978469987e-01,-1.099266214050309998e+00,-9.823829984954850492e-01,-4.155956072695750070e-01,-2.301127857804899923e-01,-3.842676313816950073e-01,6.700000000000000400e-01,8.712000000000000455e+01,-8.000000000000000444e-01,0.000000000000000000e+00,1.000000000000000000e+00,0.000000000000000000e+00,8.706841391099999328e+01,8.706841391099999328e+01,2.030000000000000071e+01,6.000000000000000000e+00,5.860000000000000142e+01,-2.000000000000000000e+01,1.650000000000000000e+02,2.110000000000000142e+01,9.370000000000000551e-01,1.437000000000000055e+00,2.000000000000000000e+00,4.029999999999999716e+01,2.430000000000000071e+01,9.599999999999999645e+00,2.539999999999999858e+01,1.281699999999999875e+02,-1.000000000000000056e-01,0.000000000000000000e+00,1.000000000000000000e+00,0.000000000000000000e+00,1.280949630110000044e+02,1.280949630110000044e+02,2.360000000000000142e+01,9.000000000000000000e+00,1.120000000000000000e+02,-2.300000000000000000e+01,2.578999999999999773e+02,1.200000000000000000e+02,1.060000000000000053e+00,1.487999999999999989e+00,0.000000000000000000e+00,4.770000000000000284e+01,3.510000000000000142e+01,1.390000000000000036e+01,3.250000000000000000e+01
-1.543952983828360104e+00,-1.207268231616070109e+00,-4.921516589540119724e-01,-4.234132577804100017e-01,8.970012928876679448e-01,4.013178787794099978e-01,1.657552772919899942e-01,-4.816954090123640175e-01,-5.966746512579970130e-01,2.632220583762709953e+00,-1.695548725081819974e+00,1.190243212722700061e+00,-1.205529847978469987e-01,-1.099266214050309998e+00,-9.823829984954850492e-01,-4.155956072695750070e-01,-2.301127857804899923e-01,-3.842676313816950073e-01,8.900000000000000133e-01,8.712000000000000455e+01,-8.000000000000000444e-01,0.000000000000000000e+00,1.000000000000000000e+00,0.000000000000000000e+00,8.706841391099999328e+01,8.706841391099999328e+01,2.030000000000000071e+01,6.000000000000000000e+00,5.860000000000000142e+01,-2.000000000000000000e+01,1.650000000000000000e+02,2.110000000000000142e+01,9.370000000000000551e-01,1.437000000000000055e+00,2.000000000000000000e+00,4.029999999999999716e+01,2.430000000000000071e+01,9.599999999999999645e+00,2.539999999999999858e+01,1.281699999999999875e+02,-1.000000000000000056e-01,0.000000000000000000e+00,1.000000000000000000e+00,0.000000000000000000e+00,1.280949630110000044e+02,1.280949630110000044e+02,2.360000000000000142e+01,9.000000000000000000e+00,1.120000000000000000e+02,-2.300000000000000000e+01,2.578999999999999773e+02,1.200000000000000000e+02,1.060000000000000053e+00,1.487999999999999989e+00,0.000000000000000000e+00,4.770000000000000284e+01,3.510000000000000142e+01,1.390000000000000036e+01,3.250000000000000000e+01
2.857105320106359869e+00,-1.272999219090420020e+00,9.102913958780970427e-01,-8.946133462400600311e-02,-2.367325139260620104e-01,-4.760814925199409742e-01,-1.339122604635220037e-01,-5.585527304754620004e-02,3.337543275318760050e-01,5.787310437204900015e-01,4.229121381158459592e+00,9.060387249381750552e-01,-2.077302441170350011e+00,1.885548269758199891e-02,-1.434792873617339870e-01,2.043011774731179897e-01,3.511570214568059956e-01,-4.210605152304430221e-01,1.499999999999999944e-01,1.141500000000000057e+02,-5.000000000000000000e-01,0.000000000000000000e+00,1.000000000000000000e+00,0.000000000000000000e+00,1.140793129470000054e+02,1.140793129470000054e+02,2.360000000000000142e+01,8.000000000000000000e+00,1.010000000000000000e+02,8.000000000000000000e+00,2.250000000000000000e+02,3.389999999999999858e+01,1.054999999999999938e+00,1.471999999999999975e+00,1.000000000000000056e-01,4.570000000000000284e+01,3.050000000000000000e+01,1.209999999999999964e+01,3.360000000000000142e+01,1.201700000000000017e+02,-8.000000000000000444e-01,0.000000000000000000e+00,2.000000000000000000e+00,0.000000000000000000e+00,1.200245006699999948e+02,1.200245006699999948e+02,4.250000000000000000e+01,7.000000000000000000e+00,1.280000000000000000e+02,2.300000000000000000e+01,2.850000000000000000e+02,1.770000000000000000e+02,1.260999999999999899e+00,1.483999999999999986e+00,0.000000000000000000e+00,5.039999999999999858e+01,2.730000000000000071e+01,1.080000000000000071e+01,3.560000000000000142e+01
2.857105320106359869e+00,-1.272999219090420020e+00,9.102913958780970427e-01,-8.946133462400600311e-02,-2.367325139260620104e-01,-4.760814925199409742e-01,-1.339122604635220037e-01,-5.585527304754620004e-02,3.337543275318760050e-01,5.787310437204900015e-01,4.229121381158459592e+00,9.060387249381750552e-01,-2.077302441170350011e+00,1.885548269758199891e-02,-1.434792873617339870e-01,2.043011774731179897e-01,3.511570214568059956e-01,-4.210605152304430221e-01,4.199999999999999845e-01,1.141500000000000057e+02,-5.000000000000000000e-01,0.000000000000000000e+00,1.000000000000000000e+00,0.000000000000000000e+00,1.140793129470000054e+02,1.140793129470000054e+02,2.360000000000000142e+01,8.000000000000000000e+00,1.010000000000000000e+02,8.000000000000000000e+00,2.250000000000000000e+02,3.389999999999999858e+01,1.054999999999999938e+00,1.471999999999999975e+00,1.000000000000000056e-01,4.570000000000000284e+01,3.050000000000000000e+01,1.209999999999999964e+01,3.360000000000000142e+01,1.201700000000000017e+02,-8.000000000000000444e-01,0.000000000000000000e+00,2.000000000000000000e+00,0.000000000000000000e+00,1.200245006699999948e+02,1.200245006699999948e+02,4.250000000000000000e+01,7.000000000000000000e+00,1.280000000000000000e+02,2.300000000000000000e+01,2.850000000000000000e+02,1.770000000000000000e+02,1.260999999999999899e+00,1.483999999999999986e+00,0.000000000000000000e+00,5.039999999999999858e+01,2.730000000000000071e+01,1.080000000000000071e+01,3.560000000000000142e+01
2.857105320106359869e+00,-1.272999219090420020e+00,9.102913958780970427e-01,-8.946133462400600311e-02,-2.367325139260620104e-01,-4.760814925199409742e-01,-1.339122604635220037e-01,-5.585527304754620004e-02,3.337543275318760050e-01,5.787310437204900015e-01,4.229121381158459592e+00,9.060387249381750552e-01,-2.077302441170350011e+00,1.885548269758199891e-02,-1.434792873617339870e-01,2.043011774731179897e-01,3.511570214568059956e-01,-4.210605152304430221e-01,7.299999999999999822e-01,1.141500000000000057e+02,-5.000000000000000000e-01,0.000000000000000000e+00,1.000000000000000000e+00,0.000000000000000000e+00,1.140793129470000054e+02,1.140793129470000054e+02,2.360000000000000142e+01,8.000000000000000000e+00,1.010000000000000000e+02,8.000000000000000000e+00,2.250000000000000000e+02,3.389999999999999858e+01,1.054999999999999938e+00,1.471999999999999975e+00,1.000000000000000056e-01,4.570000000000000284e+01,3.050000000000000000e+01,1.209999999999999964e+01,3.360000000000000142e+01,1.201700000000000017e+02,-8.000000000000000444e-01,0.000000000000000000e+00,2.000000000000000000e+00,0.000000000000000000e+00,1.200245006699999948e+02,1.200245006699999948e+02,4.250000000000000000e+01,7.000000000000000000e+00,1.280000000000000000e+02,2.300000000000000000e+01,2.850000000000000000e+02,1.770000000000000000e+02,1.260999999999999899e+00,1.483999999999999986e+00,0.000000000000000000e+00,5.039999999999999858e+01,2.730000000000000071e+01,1.080000000000000071e+01,3.560000000000000142e+01
2.857105320106359869e+00,-1.272999219090420020e+00,9.102913958780970427e-01,-8.946133462400600311e-02,-2.367325139260620104e-01,-4.760814925199409742e-01,-1.339122604635220037e-01,-5.585527304754620004e-02,3.337543275318760050e-01,-2.027814410229260123e+00,-3.724090703060580210e-01,2.173063647892779837e+00,9.031939262463610507e-02,1.002761547910749895e+00,-2.060137278132759958e-03,-1.292818144343499953e-01,5.691958251954190029e-01,1.079366519189340012e+00,3.125000000000000000e-01,1.141500000000000057e+02,-5.000000000000000000e-01,0.000000000000000000e+00,1.000000000000000000e+00,0.000000000000000000e+00,1.140793129470000054e+02,1.140793129470000054e+02,2.360000000000000142e+01,8.000000000000000000e+00,1.010000000000000000e+02,8.000000000000000000e+00,2.250000000000000000e+02,3.389999999999999858e+01,1.054999999999999938e+00,1.471999999999999975e+00,1.000000000000000056e-01,4.570000000000000284e+01,3.050000000000000000e+01,1.209999999999999964e+01,3.360000000000000142e+01,1.791999999999999886e+02,2.999999999999999889e-01,0.000000000000000000e+00,4.000000000000000000e+00,3.000000000000000000e+00,1.791187491999999963e+02,1.791187491999999963e+02,2.680000000000000071e+01,1.100000000000000000e+01,1.390000000000000000e+02,6.099999999999999645e+00,2.313000000000000114e+02,1.044000000000000057e+02,1.030000000000000027e+00,1.457999999999999963e+00,1.000000000000000056e-01,4.700000000000000000e+01,4.789999999999999858e+01,1.900000000000000000e+01,3.439999999999999858e+01
2.857105320106359869e+00,-1.272999219090420020e+00,9.102913958780970427e-01,-8.946133462400600311e-02,-2.367325139260620104e-01,-4.760814925199409742e-01,-1.339122604635220037e-01,-5.585527304754620004e-02,3.337543275318760050e-01,-2.027814410229260123e+00,-3.724090703060580210e-01,2.173063647892779837e+00,9.031939262463610507e-02,1.002761547910749895e+00,-2.060137278132759958e-03,-1.292818144343499953e-01,5.691958251954190029e-01,1.079366519189340012e+00,3.699999999999999956e-01,1.141500000000000057e+02,-5.000000000000000000e-01,0.000000000000000000e+00,1.000000000000000000e+00,0.000000000000000000e+00,1.140793129470000054e+02,1.140793129470000054e+02,2.360000000000000142e+01,8.000000000000000000e+00,1.010000000000000000e+02,8.000000000000000000e+00,2.250000000000000000e+02,3.389999999999999858e+01,1.054999999999999938e+00,1.471999999999999975e+00,1.000000000000000056e-01,4.570000000000000284e+01,3.050000000000000000e+01,1.209999999999999964e+01,3.360000000000000142e+01,1.791999999999999886e+02,2.999999999999999889e-01,0.000000000000000000e+00,4.000000000000000000e+00,3.000000000000000000e+00,1.791187491999999963e+02,1.791187491999999963e+02,2.680000000000000071e+01,1.100000000000000000e+01,1.390000000000000000e+02,6.099999999999999645e+00,2.313000000000000114e+02,1.044000000000000057e+02,1.030000000000000027e+00,1.457999999999999963e+00,1.000000000000000056e-01,4.700000000000000000e+01,4.789999999999999858e+01,1.900000000000000000e+01,3.439999999999999858e+01
2.857105320106359869e+00,-1.272999219090420020e+00,9.102913958780970427e-01,-8.946133462400600311e-02,-2.367325139260620104e-01,-4.760814925199409742e-01,-1.339122604635220037e-01,-5.585527304754620004e-02,3.337543275318760050e-01,-2.027814410229260123e+00,-3.724090703060580210e-01,2.173063647892779837e+00,9.031939262463610507e-02,1.002761547910749895e+00,-2.060137278132759958e-03,-1.292818144343499953e-01,5.691958251954190029e-01,1.079366519189340012e+00,8.199999999999999512e-01,1.141500000000000057e+02,-5.000000000000000000e-01,0.000000000000000000e+00,1.000000000000000000e+00,0.000000000000000000e+00,1.140793129470000054e+02,1.140793129470000054e+02,2.360000000000000142e+01,8.000000000000000000e+00,1.010000000000000000e+02,8.000000000000000000e+00,2.250000000000000000e+02,3.389999999999999858e+01,1.054999999999999938e+00,1.471999999999999975e+00,1.000000000000000056e-01,4.570000000000000284e+01,3.050000000000000000e+01,1.209999999999999964e+01,3.360000000000000142e+01,1.791999999999999886e+02,2.999999999999999889e-01,0.000000000000000000e+00,4.000000000000000000e+00,3.000000000000000000e+00,1.791187491999999963e+02,1.791187491999999963e+02,2.680000000000000071e+01,1.100000000000000000e+01,1.390000000000000000e+02,6.099999999999999645e+00,2.313000000000000114e+02,1.044000000000000057e+02,1.030000000000000027e+00,1.457999999999999963e+00,1.000000000000000056e-01,4.700000000000000000e+01,4.789999999999999858e+01,1.900000000000000000e+01,3.439999999999999858e+01
-1.324705803059770037e+00,-1.601064662974019948e+00,6.018324436961870472e-01,-2.514903787083930253e-01,6.964265125505000320e-01,-9.066671834746520275e-02,-1.073444503424390017e+00,-1.948103052732050033e-01,-4.402574710484489784e-01,2.632220583762709953e+00,-1.695548725081819974e+00,1.190243212722700061e+00,-1.205529847978469987e-01,-1.099266214050309998e+00,-9.823829984954850492e-01,-4.155956072695750070e-01,-2.301127857804899923e-01,-3.842676313816950073e-01,1.499999999999999944e-01,1.161599999999999966e+02,2.000000000000000111e-01,0.000000000000000000e+00,1.000000000000000000e+00,0.000000000000000000e+00,1.160949630110000044e+02,1.160949630110000044e+02,2.360000000000000142e+01,8.000000000000000000e+00,7.840000000000000568e+01,-1.000000000000000000e+00,1.770000000000000000e+02,2.389999999999999858e+01,2.389999999999999858e+01,1.451000000000000068e+00,1.199999999999999956e+00,4.120000000000000284e+01,3.270000000000000284e+01,1.300000000000000000e+01,3.019999999999999929e+01,1.281699999999999875e+02,-1.000000000000000056e-01,0.000000000000000000e+00,1.000000000000000000e+00,0.000000000000000000e+00,1.280949630110000044e+02,1.280949630110000044e+02,2.360000000000000142e+01,9.000000000000000000e+00,1.120000000000000000e+02,-2.300000000000000000e+01,2.578999999999999773e+02,1.200000000000000000e+02,1.060000000000000053e+00,1.487999999999999989e+00,0.000000000000000000e+00,4.770000000000000284e+01,3.510000000000000142e+01,1.390000000000000036e+01,3.250000000000000000e+01
-1.324705803059770037e+00,-1.601064662974019948e+00,6.018324436961870472e-01,-2.514903787083930253e-01,6.964265125505000320e-01,-9.066671834746520275e-02,-1.073444503424390017e+00,-1.948103052732050033e-01,-4.402574710484489784e-01,2.632220583762709953e+00,-1.695548725081819974e+00,1.190243212722700061e+00,-1.205529847978469987e-01,-1.099266214050309998e+00,-9.823829984954850492e-01,-4.155956072695750070e-01,-2.301127857804899923e-01,-3.842676313816950073e-01,4.199999999999999845e-01,1.161599999999999966e+02,2.000000000000000111e-01,0.000000000000000000e+00,1.000000000000000000e+00,0.000000000000000000e+00,1.160949630110000044e+02,1.160949630110000044e+02,2.360000000000000142e+01,8.000000000000000000e+00,7.840000000000000568e+01,-1.000000000000000000e+00,1.770000000000000000e+02,2.389999999999999858e+01,2.389999999999999858e+01,1.451000000000000068e+00,1.199999999999999956e+00,4.120000000000000284e+01,3.270000000000000284e+01,1.300000000000000000e+01,3.019999999999999929e+01,1.281699999999999875e+02,-1.000000000000000056e-01,0.000000000000000000e+00,1.000000000000000000e+00,0.000000000000000000e+00,1.280949630110000044e+02,1.280949630110000044e+02,2.360000000000000142e+01,9.000000000000000000e+00,1.120000000000000000e+02,-2.300000000000000000e+01,2.578999999999999773e+02,1.200000000000000000e+02,1.060000000000000053e+00,1.487999999999999989e+00,0.000000000000000000e+00,4.770000000000000284e+01,3.510000000000000142e+01,1.390000000000000036e+01,3.250000000000000000e+01
-1.324705803059770037e+00,-1.601064662974019948e+00,6.018324436961870472e-01,-2.514903787083930253e-01,6.964265125505000320e-01,-9.066671834746520275e-02,-1.073444503424390017e+00,-1.948103052732050033e-01,-4.402574710484489784e-01,2.632220583762709953e+00,-1.695548725081819974e+00,1.190243212722700061e+00,-1.205529847978469987e-01,-1.099266214050309998e+00,-9.823829984954850492e-01,-4.155956072695750070e-01,-2.301127857804899923e-01,-3.842676313816950073e-01,7.600000000000000089e-01,1.161599999999999966e+02,2.000000000000000111e-01,0.000000000000000000e+00,1.000000000000000000e+00,0.000000000000000000e+00,1.160949630110000044e+02,1.160949630110000044e+02,2.360000000000000142e+01,8.000000000000000000e+00,7.840000000000000568e+01,-1.000000000000000000e+00,1.770000000000000000e+02,2.389999999999999858e+01,2.389999999999999858e+01,1.451000000000000068e+00,1.199999999999999956e+00,4.120000000000000284e+01,3.270000000000000284e+01,1.300000000000000000e+01,3.019999999999999929e+01,1.281699999999999875e+02,-1.000000000000000056e-01,0.000000000000000000e+00,1.000000000000000000e+00,0.000000000000000000e+00,1.280949630110000044e+02,1.280949630110000044e+02,2.360000000000000142e+01,9.000000000000000000e+00,1.120000000000000000e+02,-2.300000000000000000e+01,2.578999999999999773e+02,1.200000000000000000e+02,1.060000000000000053e+00,1.487999999999999989e+00,0.000000000000000000e+00,4.770000000000000284e+01,3.510000000000000142e+01,1.390000000000000036e+01,3.250000000000000000e+01
-1.324705803059770037e+00,-1.601064662974019948e+00,6.018324436961870472e-01,-2.514903787083930253e-01,6.964265125505000320e-01,-9.066671834746520275e-02,-1.073444503424390017e+00,-1.948103052732050033e-01,-4.402574710484489784e-01,7.755623085843560416e-01,2.971401284302960022e+00,-1.544847720262420010e+00,1.070048908552029943e+00,2.572716798869900123e-01,-2.791219463064389950e-01,-1.414560245229290025e+00,-6.115376331824430300e-01,4.575656264419349917e-01,4.199999999999999845e-01,1.161599999999999966e+02,2.000000000000000111e-01,0.000000000000000000e+00,1.000000000000000000e+00,0.000000000000000000e+00,1.160949630110000044e+02,1.160949630110000044e+02,2.360000000000000142e+01,8.000000000000000000e+00,7.840000000000000568e+01,-1.000000000000000000e+00,1.770000000000000000e+02,2.389999999999999858e+01,2.389999999999999858e+01,1.451000000000000068e+00,1.199999999999999956e+00,4.120000000000000284e+01,3.270000000000000284e+01,1.300000000000000000e+01,3.019999999999999929e+01,8.609000000000000341e+01,-5.999999999999999778e-01,0.000000000000000000e+00,2.000000000000000000e+00,0.000000000000000000e+00,8.603677942999999573e+01,8.603677942999999573e+01,2.630000000000000071e+01,6.000000000000000000e+00,6.790000000000000568e+01,-4.500000000000000000e+01,2.045000000000000000e+02,9.829999999999999716e+01,1.120000000000000107e+00,1.435999999999999943e+00,2.999999999999999889e-01,4.400000000000000000e+01,2.019999999999999929e+01,8.000000000000000000e+00,3.539999999999999858e+01
-1.324705803059770037e+00,-1.601064662974019948e+00,6.018324436961870472e-01,-2.514903787083930253e-01,6.964265125505000320e-01,-9.066671834746520275e-02,-1.073444503424390017e+00,-1.948103052732050033e-01,-4.402574710484489784e-01,7.755623085843560416e-01,2.971401284302960022e+00,-1.544847720262420010e+00,1.070048908552029943e+00,2.572716798869900123e-01,-2.791219463064389950e-01,-1.414560245229290025e+00,-6.115376331824430300e-01,4.575656264419349917e-01,7.600000000000000089e-01,1.161599999999999966e+02,2.000000000000000111e-01,0.000000000000000000e+00,1.000000000000000000e+00,0.000000000000000000e+00,1.160949630110000044e+02,1.160949630110000044e+02,2.360000000000000142e+01,8.000000000000000000e+00,7.840000000000000568e+01,-1.000000000000000000e+00,1.770000000000000000e+02,2.389999999999999858e+01,2.389999999999999858e+01,1.451000000000000068e+00,1.199999999999999956e+00,4.120000000000000284e+01,3.270000000000000284e+01,1.300000000000000000e+01,3.019999999999999929e+01,8.609000000000000341e+01,-5.999999999999999778e-01,0.000000000000000000e+00,2.000000000000000000e+00,0.000000000000000000e+00,8.603677942999999573e+01,8.603677942999999573e+01,2.630000000000000071e+01,6.000000000000000000e+00,6.790000000000000568e+01,-4.500000000000000000e+01,2.045000000000000000e+02,9.829999999999999716e+01,1.120000000000000107e+00,1.435999999999999943e+00,2.999999999999999889e-01,4.400000000000000000e+01,2.019999999999999929e+01,8.000000000000000000e+00,3.539999999999999858e+01
-1.324705803059770037e+00,-1.601064662974019948e+00,6.018324436961870472e-01,-2.514903787083930253e-01,6.964265125505000320e-01,-9.066671834746520275e-02,-1.073444503424390017e+00,-1.948103052732050033e-01,-4.402574710484489784e-01,7.755623085843560416e-01,2.971401284302960022e+00,-1.544847720262420010e+00,1.070048908552029943e+00,2.572716798869900123e-01,-2.791219463064389950e-01,-1.414560245229290025e+00,-6.115376331824430300e-01,4.575656264419349917e-01,8.900000000000000133e-01,1.161599999999999966e+02,2.000000000000000111e-01,0.000000000000000000e+00,1.000000000000000000e+00,0.000000000000000000e+00,1.160949630110000044e+02,1.160949630110000044e+02,2.360000000000000142e+01,8.000000000000000000e+00,7.840000000000000568e+01,-1.000000000000000000e+00,1.770000000000000000e+02,2.389999999999999858e+01,2.389999999999999858e+01,1.451000000000000068e+00,1.199999999999999956e+00,4.120000000000000284e+01,3.270000000000000284e+01,1.300000000000000000e+01,3.019999999999999929e+01,8.609000000000000341e+01,-5.999999999999999778e-01,0.000000000000000000e+00,2.000000000000000000e+00,0.000000000000000000e+00,8.603677942999999573e+01,8.603677942999999573e+01,2.630000000000000071e+01,6.000000000000000000e+00,6.790000000000000568e+01,-4.500000000000000000e+01,2.045000000000000000e+02,9.829999999999999716e+01,1.120000000000000107e+00,1.435999999999999943e+00,2.999999999999999889e-01,4.400000000000000000e+01,2.019999999999999929e+01,8.000000000000000000e+00,3.539999999999999858e+01
-1.487340390334080054e+00,-9.454155939245559859e-01,-6.607858535541629719e-01,-5.245103684307259595e-01,1.750941091817239947e-01,5.549006702858839679e-01,-2.091723004801110120e-01,-1.867344799606479866e-01,-4.934019757307580023e-01,2.632220583762709953e+00,-1.695548725081819974e+00,1.190243212722700061e+00,-1.205529847978469987e-01,-1.099266214050309998e+00,-9.823829984954850492e-01,-4.155956072695750070e-01,-2.301127857804899923e-01,-3.842676313816950073e-01,2.000000000000000042e-02,7.309000000000000341e+01,-1.000000000000000000e+00,0.000000000000000000e+00,1.000000000000000000e+00,0.000000000000000000e+00,7.305276384699999426e+01,7.305276384699999426e+01,2.030000000000000071e+01,5.000000000000000000e+00,3.389999999999999858e+01,-6.110000000000000142e+01,1.528000000000000114e+02,1.390000000000000036e+01,9.439999999999999503e-01,1.429999999999999938e+00,3.000000000000000000e+00,3.900000000000000000e+01,1.989999999999999858e+01,7.900000000000000355e+00,2.569999999999999929e+01,1.281699999999999875e+02,-1.000000000000000056e-01,0.000000000000000000e+00,1.000000000000000000e+00,0.000000000000000000e+00,1.280949630110000044e+02,1.280949630110000044e+02,2.360000000000000142e+01,9.000000000000000000e+00,1.120000000000000000e+02,-2.300000000000000000e+01,2.578999999999999773e+02,1.200000000000000000e+02,1.060000000000000053e+00,1.487999999999999989e+00,0.000000000000000000e+00,4.770000000000000284e+01,3.510000000000000142e+01,1.390000000000000036e+01,3.250000000000000000e+01
-1.487340390334080054e+00,-9.454155939245559859e-01,-6.607858535541629719e-01,-5.245103684307259595e-01,1.750941091817239947e-01,5.549006702858839679e-01,-2.091723004801110120e-01,-1.867344799606479866e-01,-4.934019757307580023e-01,2.632220583762709953e+00,-1.695548725081819974e+00,1.190243212722700061e+00,-1.205529847978469987e-01,-1.099266214050309998e+00,-9.823829984954850492e-01,-4.155956072695750070e-01,-2.301127857804899923e-01,-3.842676313816950073e-01,3.699999999999999956e-01,7.309000000000000341e+01,-1.000000000000000000e+00,0.000000000000000000e+00,1.000000000000000000e+00,0.000000000000000000e+00,7.305276384699999426e+01,7.305276384699999426e+01,2.030000000000000071e+01,5.000000000000000000e+00,3.389999999999999858e+01,-6.110000000000000142e+01,1.528000000000000114e+02,1.390000000000000036e+01,9.439999999999999503e-01,1.429999999999999938e+00,3.000000000000000000e+00,3.900000000000000000e+01,1.989999999999999858e+01,7.900000000000000355e+00,2.569999999999999929e+01,1.281699999999999875e+02,-1.000000000000000056e-01,0.000000000000000000e+00,1.000000000000000000e+00,0.000000000000000000e+00,1.280949630110000044e+02,1.280949630110000044e+02,2.360000000000000142e+01,9.000000000000000000e+00,1.120000000000000000e+02,-2.300000000000000000e+01,2.578999999999999773e+02,1.200000000000000000e+02,1.060000000000000053e+00,1.487999999999999989e+00,0.000000000000000000e+00,4.770000000000000284e+01,3.510000000000000142e+01,1.390000000000000036e+01,3.250000000000000000e+01
-1.487340390334080054e+00,-9.454155939245559859e-01,-6.607858535541629719e-01,-5.245103684307259595e-01,1.750941091817239947e-01,5.549006702858839679e-01,-2.091723004801110120e-01,-1.867344799606479866e-01,-4.934019757307580023e-01,2.632220583762709953e+00,-1.695548725081819974e+00,1.190243212722700061e+00,-1.205529847978469987e-01,-1.099266214050309998e+00,-9.823829984954850492e-01,-4.155956072695750070e-01,-2.301127857804899923e-01,-3.842676313816950073e-01,7.299999999999999822e-01,7.309000000000000341e+01,-1.000000000000000000e+00,0.000000000000000000e+00,1.000000000000000000e+00,0.000000000000000000e+00,7.305276384699999426e+01,7.305276384699999426e+01,2.030000000000000071e+01,5.000000000000000000e+00,3.389999999999999858e+01,-6.110000000000000142e+01,1.528000000000000114e+02,1.390000000000000036e+01,9.439999999999999503e-01,1.429999999999999938e+00,3.000000000000000000e+00,3.900000000000000000e+01,1.989999999999999858e+01,7.900000000000000355e+00,2.569999999999999929e+01,1.281699999999999875e+02,-1.000000000000000056e-01,0.000000000000000000e+00,1.000000000000000000e+00,0.000000000000000000e+00,1.280949630110000044e+02,1.280949630110000044e+02,2.360000000000000142e+01,9.000000000000000000e+00,1.120000000000000000e+02,-2.300000000000000000e+01,2.578999999999999773e+02,1.200000000000000000e+02,1.060000000000000053e+00,1.487999999999999989e+00,0.000000000000000000e+00,4.770000000000000284e+01,3.510000000000000142e+01,1.390000000000000036e+01,3.250000000000000000e+01
-1.543952983828360104e+00,-1.207268231616070109e+00,-4.921516589540119724e-01,-4.234132577804100017e-01,8.970012928876679448e-01,4.013178787794099978e-01,1.657552772919899942e-01,-4.816954090123640175e-01,-5.966746512579970130e-01,-1.661024410784039951e+00,-1.319045901586690106e-01,-1.505563469797889908e+00,2.041513352260259928e-01,-5.080874261569460204e-01,-9.274896556553899885e-01,2.807027391217660206e-01,7.556699162084500321e-01,7.218406190901349717e-02,1.400000000000000133e-01,8.712000000000000455e+01,-8.000000000000000444e-01,0.000000000000000000e+00,1.000000000000000000e+00,0.000000000000000000e+00,8.706841391099999328e+01,8.706841391099999328e+01,2.030000000000000071e+01,6.000000000000000000e+00,5.860000000000000142e+01,-2.000000000000000000e+01,1.650000000000000000e+02,2.110000000000000142e+01,9.370000000000000551e-01,1.437000000000000055e+00,2.000000000000000000e+00,4.029999999999999716e+01,2.430000000000000071e+01,9.599999999999999645e+00,2.539999999999999858e+01,5.907000000000000028e+01,-1.000000000000000000e+00,1.000000000000000000e+00,1.000000000000000000e+00,0.000000000000000000e+00,5.903711378300000234e+01,5.903711378300000234e+01,2.910000000000000142e+01,4.000000000000000000e+00,2.000000000000000000e+01,-4.000000000000000000e+00,1.830000000000000000e+02,1.110000000000000000e+02,1.010999999999999899e+00,1.431999999999999940e+00,8.000000000000000444e-01,4.189999999999999858e+01,1.509999999999999964e+01,6.000000000000000000e+00,2.319999999999999929e+01
-1.543952983828360104e+00,-1.207268231616070109e+00,-4.921516589540119724e-01,-4.234132577804100017e-01,8.970012928876679448e-01,4.013178787794099978e-01,1.657552772919899942e-01,-4.816954090123640175e-01,-5.966746512579970130e-01,-1.661024410784039951e+00,-1.319045901586690106e-01,-1.505563469797889908e+00,2.041513352260259928e-01,-5.080874261569460204e-01,-9.274896556553899885e-01,2.807027391217660206e-01,7.556699162084500321e-01,7.218406190901349717e-02,4.199999999999999845e-01,8.712000000000000455e+01,-8.000000000000000444e-01,0.000000000000000000e+00,1.000000000000000000e+00,0.000000000000000000e+00,8.706841391099999328e+01,8.706841391099999328e+01,2.030000000000000071e+01,6.000000000000000000e+00,5.860000000000000142e+01,-2.000000000000000000e+01,1.650000000000000000e+02,2.110000000000000142e+01,9.370000000000000551e-01,1.437000000000000055e+00,2.000000000000000000e+00,4.029999999999999716e+01,2.430000000000000071e+01,9.599999999999999645e+00,2.539999999999999858e+01,5.907000000000000028e+01,-1.000000000000000000e+00,1.000000000000000000e+00,1.000000000000000000e+00,0.000000000000000000e+00,5.903711378300000234e+01,5.903711378300000234e+01,2.910000000000000142e+01,4.000000000000000000e+00,2.000000000000000000e+01,-4.000000000000000000e+00,1.830000000000000000e+02,1.110000000000000000e+02,1.010999999999999899e+00,1.431999999999999940e+00,8.000000000000000444e-01,4.189999999999999858e+01,1.509999999999999964e+01,6.000000000000000000e+00,2.319999999999999929e+01
-1.543952983828360104e+00,-1.207268231616070109e+00,-4.921516589540119724e-01,-4.234132577804100017e-01,8.970012928876679448e-01,4.013178787794099978e-01,1.657552772919899942e-01,-4.816954090123640175e-01,-5.966746512579970130e-01,-1.661024410784039951e+00,-1.319045901586690106e-01,-1.505563469797889908e+00,2.041513352260259928e-01,-5.080874261569460204e-01,-9.274896556553899885e-01,2.807027391217660206e-01,7.556699162084500321e-01,7.218406190901349717e-02,7.600000000000000089e-01,8.712000000000000455e+01,-8.000000000000000444e-01,0.000000000000000000e+00,1.000000000000000000e+00,0.000000000000000000e+00,8.706841391099999328e+01,8.706841391099999328e+01,2.030000000000000071e+01,6.000000000000000000e+00,5.860000000000000142e+01,-2.000000000000000000e+01,1.650000000000000000e+02,2.110000000000000142e+01,9.370000000000000551e-01,1.437000000000000055e+00,2.000000000000000000e+00,4.029999999999999716e+01,2.430000000000000071e+01,9.599999999999999645e+00,2.539999999999999858e+01,5.907000000000000028e+01,-1.000000000000000000e+00,1.000000000000000000e+00,1.000000000000000000e+00,0.000000000000000000e+00,5.903711378300000234e+01,5.903711378300000234e+01,2.910000000000000142e+01,4.000000000000000000e+00,2.000000000000000000e+01,-4.000000000000000000e+00,1.830000000000000000e+02,1.110000000000000000e+02,1.010999999999999899e+00,1.431999999999999940e+00,8.000000000000000444e-01,4.189999999999999858e+01,1.509999999999999964e+01,6.000000000000000000e+00,2.319999999999999929e+01
-1.487340390334080054e+00,-9.454155939245559859e-01,-6.607858535541629719e-01,-5.245103684307259595e-01,1.750941091817239947e-01,5.549006702858839679e-01,-2.091723004801110120e-01,-1.867344799606479866e-01,-4.934019757307580023e-01,-1.324705803059770037e+00,-1.601064662974019948e+00,6.018324436961870472e-01,-2.514903787083930253e-01,6.964265125505000320e-01,-9.066671834746520275e-02,-1.073444503424390017e+00,-1.948103052732050033e-01,-4.402574710484489784e-01,4.199999999999999845e-01,7.309000000000000341e+01,-1.000000000000000000e+00,0.000000000000000000e+00,1.000000000000000000e+00,0.000000000000000000e+00,7.305276384699999426e+01,7.305276384699999426e+01,2.030000000000000071e+01,5.000000000000000000e+00,3.389999999999999858e+01,-6.110000000000000142e+01,1.528000000000000114e+02,1.390000000000000036e+01,9.439999999999999503e-01,1.429999999999999938e+00,3.000000000000000000e+00,3.900000000000000000e+01,1.989999999999999858e+01,7.900000000000000355e+00,2.569999999999999929e+01,1.161599999999999966e+02,2.000000000000000111e-01,0.000000000000000000e+00,1.000000000000000000e+00,0.000000000000000000e+00,1.160949630110000044e+02,1.160949630110000044e+02,2.360000000000000142e+01,8.000000000000000000e+00,7.840000000000000568e+01,-1.000000000000000000e+00,1.770000000000000000e+02,2.389999999999999858e+01,2.389999999999999858e+01,1.451000000000000068e+00,1.199999999999999956e+00,4.120000000000000284e+01,3.270000000000000284e+01,1.300000000000000000e+01,3.019999999999999929e+01
-1.487340390334080054e+00,-9.454155939245559859e-01,-6.607858535541629719e-01,-5.245103684307259595e-01,1.750941091817239947e-01,5.549006702858839679e-01,-2.091723004801110120e-01,-1.867344799606479866e-01,-4.934019757307580023e-01,-1.324705803059770037e+00,-1.601064662974019948e+00,6.018324436961870472e-01,-2.514903787083930253e-01,6.964265125505000320e-01,-9.066671834746520275e-02,-1.073444503424390017e+00,-1.948103052732050033e-01,-4.402574710484489784e-01,7.600000000000000089e-01,7.309000000000000341e+01,-1.000000000000000000e+00,0.000000000000000000e+00,1.000000000000000000e+00,0.000000000000000000e+00,7.305276384699999426e+01,7.305276384699999426e+01,2.030000000000000071e+01,5.000000000000000000e+00,3.389999999999999858e+01,-6.110000000000000142e+01,1.528000000000000114e+02,1.390000000000000036e+01,9.439999999999999503e-01,1.429999999999999938e+00,3.000000000000000000e+00,3.900000000000000000e+01,1.989999999999999858e+01,7.900000000000000355e+00,2.569999999999999929e+01,1.161599999999999966e+02,2.000000000000000111e-01,0.000000000000000000e+00,1.000000000000000000e+00,0.000000000000000000e+00,1.160949630110000044e+02,1.160949630110000044e+02,2.360000000000000142e+01,8.000000000000000000e+00,7.840000000000000568e+01,-1.000000000000000000e+00,1.770000000000000000e+02,2.389999999999999858e+01,2.389999999999999858e+01,1.451000000000000068e+00,1.199999999999999956e+00,4.120000000000000284e+01,3.270000000000000284e+01,1.300000000000000000e+01,3.019999999999999929e+01
-1.487340390334080054e+00,-9.454155939245559859e-01,-6.607858535541629719e-01,-5.245103684307259595e-01,1.750941091817239947e-01,5.549006702858839679e-01,-2.091723004801110120e-01,-1.867344799606479866e-01,-4.934019757307580023e-01,-1.324705803059770037e+00,-1.601064662974019948e+00,6.018324436961870472e-01,-2.514903787083930253e-01,6.964265125505000320e-01,-9.066671834746520275e-02,-1.073444503424390017e+00,-1.948103052732050033e-01,-4.402574710484489784e-01,8.900000000000000133e-01,7.309000000000000341e+01,-1.000000000000000000e+00,0.000000000000000000e+00,1.000000000000000000e+00,0.000000000000000000e+00,7.305276384699999426e+01,7.305276384699999426e+01,2.030000000000000071e+01,5.000000000000000000e+00,3.389999999999999858e+01,-6.110000000000000142e+01,1.528000000000000114e+02,1.390000000000000036e+01,9.439999999999999503e-01,1.429999999999999938e+00,3.000000000000000000e+00,3.900000000000000000e+01,1.989999999999999858e+01,7.900000000000000355e+00,2.569999999999999929e+01,1.161599999999999966e+02,2.000000000000000111e-01,0.000000000000000000e+00,1.000000000000000000e+00,0.000000000000000000e+00,1.160949630110000044e+02,1.160949630110000044e+02,2.360000000000000142e+01,8.000000000000000000e+00,7.840000000000000568e+01,-1.000000000000000000e+00,1.770000000000000000e+02,2.389999999999999858e+01,2.389999999999999858e+01,1.451000000000000068e+00,1.199999999999999956e+00,4.120000000000000284e+01,3.270000000000000284e+01,1.300000000000000000e+01,3.019999999999999929e+01
-1.661024410784039951e+00,-1.319045901586690106e-01,-1.505563469797889908e+00,2.041513352260259928e-01,-5.080874261569460204e-01,-9.274896556553899885e-01,2.807027391217660206e-01,7.556699162084500321e-01,7.218406190901349717e-02,2.632220583762709953e+00,-1.695548725081819974e+00,1.190243212722700061e+00,-1.205529847978469987e-01,-1.099266214050309998e+00,-9.823829984954850492e-01,-4.155956072695750070e-01,-2.301127857804899923e-01,-3.842676313816950073e-01,3.125000000000000000e-01,5.907000000000000028e+01,-1.000000000000000000e+00,1.000000000000000000e+00,1.000000000000000000e+00,0.000000000000000000e+00,5.903711378300000234e+01,5.903711378300000234e+01,2.910000000000000142e+01,4.000000000000000000e+00,2.000000000000000000e+01,-4.000000000000000000e+00,1.830000000000000000e+02,1.110000000000000000e+02,1.010999999999999899e+00,1.431999999999999940e+00,8.000000000000000444e-01,4.189999999999999858e+01,1.509999999999999964e+01,6.000000000000000000e+00,2.319999999999999929e+01,1.281699999999999875e+02,-1.000000000000000056e-01,0.000000000000000000e+00,1.000000000000000000e+00,0.000000000000000000e+00,1.280949630110000044e+02,1.280949630110000044e+02,2.360000000000000142e+01,9.000000000000000000e+00,1.120000000000000000e+02,-2.300000000000000000e+01,2.578999999999999773e+02,1.200000000000000000e+02,1.060000000000000053e+00,1.487999999999999989e+00,0.000000000000000000e+00,4.770000000000000284e+01,3.510000000000000142e+01,1.390000000000000036e+01,3.250000000000000000e+01
-1.661024410784039951e+00,-1.319045901586690106e-01,-1.505563469797889908e+00,2.041513352260259928e-01,-5.080874261569460204e-01,-9.274896556553899885e-01,2.807027391217660206e-01,7.556699162084500321e-01,7.218406190901349717e-02,2.632220583762709953e+00,-1.695548725081819974e+00,1.190243212722700061e+00,-1.205529847978469987e-01,-1.099266214050309998e+00,-9.823829984954850492e-01,-4.155956072695750070e-01,-2.301127857804899923e-01,-3.842676313816950073e-01,3.699999999999999956e-01,5.907000000000000028e+01,-1.000000000000000000e+00,1.000000000000000000e+00,1.000000000000000000e+00,0.000000000000000000e+00,5.903711378300000234e+01,5.903711378300000234e+01,2.910000000000000142e+01,4.000000000000000000e+00,2.000000000000000000e+01,-4.000000000000000000e+00,1.830000000000000000e+02,1.110000000000000000e+02,1.010999999999999899e+00,1.431999999999999940e+00,8.000000000000000444e-01,4.189999999999999858e+01,1.509999999999999964e+01,6.000000000000000000e+00,2.319999999999999929e+01,1.281699999999999875e+02,-1.000000000000000056e-01,0.000000000000000000e+00,1.000000000000000000e+00,0.000000000000000000e+00,1.280949630110000044e+02,1.280949630110000044e+02,2.360000000000000142e+01,9.000000000000000000e+00,1.120000000000000000e+02,-2.300000000000000000e+01,2.578999999999999773e+02,1.200000000000000000e+02,1.060000000000000053e+00,1.487999999999999989e+00,0.000000000000000000e+00,4.770000000000000284e+01,3.510000000000000142e+01,1.390000000000000036e+01,3.250000000000000000e+01
-1.661024410784039951e+00,-1.319045901586690106e-01,-1.505563469797889908e+00,2.041513352260259928e-01,-5.080874261569460204e-01,-9.274896556553899885e-01,2.807027391217660206e-01,7.556699162084500321e-01,7.218406190901349717e-02,2.632220583762709953e+00,-1.695548725081819974e+00,1.190243212722700061e+00,-1.205529847978469987e-01,-1.099266214050309998e+00,-9.823829984954850492e-01,-4.155956072695750070e-01,-2.301127857804899923e-01,-3.842676313816950073e-01,8.199999999999999512e-01,5.907000000000000028e+01,-1.000000000000000000e+00,1.000000000000000000e+00,1.000000000000000000e+00,0.000000000000000000e+00,5.903711378300000234e+01,5.903711378300000234e+01,2.910000000000000142e+01,4.000000000000000000e+00,2.000000000000000000e+01,-4.000000000000000000e+00,1.830000000000000000e+02,1.110000000000000000e+02,1.010999999999999899e+00,1.431999999999999940e+00,8.000000000000000444e-01,4.189999999999999858e+01,1.509999999999999964e+01,6.000000000000000000e+00,2.319999999999999929e+01,1.281699999999999875e+02,-1.000000000000000056e-01,0.000000000000000000e+00,1.000000000000000000e+00,0.000000000000000000e+00,1.280949630110000044e+02,1.280949630110000044e+02,2.360000000000000142e+01,9.000000000000000000e+00,1.120000000000000000e+02,-2.300000000000000000e+01,2.578999999999999773e+02,1.200000000000000000e+02,1.060000000000000053e+00,1.487999999999999989e+00,0.000000000000000000e+00,4.770000000000000284e+01,3.510000000000000142e+01,1.390000000000000036e+01,3.250000000000000000e+01
-1.661024410784039951e+00,-1.319045901586690106e-01,-1.505563469797889908e+00,2.041513352260259928e-01,-5.080874261569460204e-01,-9.274896556553899885e-01,2.807027391217660206e-01,7.556699162084500321e-01,7.218406190901349717e-02,-2.358621172389229859e+00,1.625629561926380084e+00,1.666657278756439986e+00,1.881047234778800092e+00,-9.000081045530340385e-01,3.504587024939619933e-01,7.884976769708440525e-01,-5.869230681204710143e-01,-3.368231544991380222e-01,7.399999999999999911e-01,5.907000000000000028e+01,-1.000000000000000000e+00,1.000000000000000000e+00,1.000000000000000000e+00,0.000000000000000000e+00,5.903711378300000234e+01,5.903711378300000234e+01,2.910000000000000142e+01,4.000000000000000000e+00,2.000000000000000000e+01,-4.000000000000000000e+00,1.830000000000000000e+02,1.110000000000000000e+02,1.010999999999999899e+00,1.431999999999999940e+00,8.000000000000000444e-01,4.189999999999999858e+01,1.509999999999999964e+01,6.000000000000000000e+00,2.319999999999999929e+01,1.400699999999999932e+02,-5.000000000000000000e-01,0.000000000000000000e+00,4.000000000000000000e+00,3.000000000000000000e+00,1.400238457600000004e+02,1.400238457600000004e+02,4.479999999999999716e+01,8.000000000000000000e+00,8.240000000000000568e+01,-4.600000000000000000e+01,1.970000000000000000e+02,1.500000000000000000e+02,1.197000000000000064e+00,1.395000000000000018e+00,5.000000000000000000e-01,4.160000000000000142e+01,2.810000000000000142e+01,1.109999999999999964e+01,2.950000000000000000e+01
-1.661024410784039951e+00,-1.319045901586690106e-01,-1.505563469797889908e+00,2.041513352260259928e-01,-5.080874261569460204e-01,-9.274896556553899885e-01,2.807027391217660206e-01,7.556699162084500321e-01,7.218406190901349717e-02,-2.027814410229260123e+00,-3.724090703060580210e-01,2.173063647892779837e+00,9.031939262463610507e-02,1.002761547910749895e+00,-2.060137278132759958e-03,-1.292818144343499953e-01,5.691958251954190029e-01,1.079366519189340012e+00,3.400000000000000244e-01,5.907000000000000028e+01,-1.000000000000000000e+00,1.000000000000000000e+00,1.000000000000000000e+00,0.000000000000000000e+00,5.903711378300000234e+01,5.903711378300000234e+01,2.910000000000000142e+01,4.000000000000000000e+00,2.000000000000000000e+01,-4.000000000000000000e+00,1.830000000000000000e+02,1.110000000000000000e+02,1.010999999999999899e+00,1.431999999999999940e+00,8.000000000000000444e-01,4.189999999999999858e+01,1.509999999999999964e+01,6.000000000000000000e+00,2.319999999999999929e+01,1.791999999999999886e+02,2.999999999999999889e-01,0.000000000000000000e+00,4.000000000000000000e+00,3.000000000000000000e+00,1.791187491999999963e+02,1.791187491999999963e+02,2.680000000000000071e+01,1.100000000000000000e+01,1.390000000000000000e+02,6.099999999999999645e+00,2.313000000000000114e+02,1.044000000000000057e+02,1.030000000000000027e+00,1.457999999999999963e+00,1.000000000000000056e-01,4.700000000000000000e+01,4.789999999999999858e+01,1.900000000000000000e+01,3.439999999999999858e+01
-1.661024410784039951e+00,-1.319045901586690106e-01,-1.505563469797889908e+00,2.041513352260259928e-01,-5.080874261569460204e-01,-9.274896556553899885e-01,2.807027391217660206e-01,7.556699162084500321e-01,7.218406190901349717e-02,-2.027814410229260123e+00,-3.724090703060580210e-01,2.173063647892779837e+00,9.031939262463610507e-02,1.002761547910749895e+00,-2.060137278132759958e-03,-1.292818144343499953e-01,5.691958251954190029e-01,1.079366519189340012e+00,5.699999999999999512e-01,5.907000000000000028e+01,-1.000000000000000000e+00,1.000000000000000000e+00,1.000000000000000000e+00,0.000000000000000000e+00,5.903711378300000234e+01,5.903711378300000234e+01,2.910000000000000142e+01,4.000000000000000000e+00,2.000000000000000000e+01,-4.000000000000000000e+00,1.830000000000000000e+02,1.110000000000000000e+02,1.010999999999999899e+00,1.431999999999999940e+00,8.000000000000000444e-01,4.189999999999999858e+01,1.509999999999999964e+01,6.000000000000000000e+00,2.319999999999999929e+01,1.791999999999999886e+02,2.999999999999999889e-01,0.000000000000000000e+00,4.000000000000000000e+00,3.000000000000000000e+00,1.791187491999999963e+02,1.791187491999999963e+02,2.680000000000000071e+01,1.100000000000000000e+01,1.390000000000000000e+02,6.099999999999999645e+00,2.313000000000000114e+02,1.044000000000000057e+02,1.030000000000000027e+00,1.457999999999999963e+00,1.000000000000000056e-01,4.700000000000000000e+01,4.789999999999999858e+01,1.900000000000000000e+01,3.439999999999999858e+01
-6.192722324196000550e-01,-8.367567351893979710e-01,-8.012965170199309872e-01,-1.034011413398290058e+00,-1.520440293702560064e+00,1.560139206200839901e+00,-1.812467822169779863e-01,-3.923410287323880058e-02,7.030264422186760509e-01,2.571589545966030066e+00,-2.665846047020080101e-01,-7.422997096699149866e-01,-2.593995485679099766e-01,8.786757514265729485e-01,-1.890125175466019977e-02,1.429694226105689969e+00,-8.783893109328460014e-01,4.772258680512290185e-01,1.000000000000000021e-02,1.011500000000000057e+02,5.000000000000000000e-01,0.000000000000000000e+00,1.000000000000000000e+00,2.000000000000000000e+00,1.010840639740000029e+02,1.010840639740000029e+02,2.030000000000000071e+01,7.000000000000000000e+00,5.000000000000000000e+01,-1.000000000000000000e+00,1.765000000000000000e+02,1.830000000000000071e+01,9.050000000000000266e-01,1.433999999999999941e+00,1.000000000000000000e+00,4.139999999999999858e+01,2.910000000000000142e+01,1.150000000000000000e+01,2.780000000000000071e+01,9.912999999999999545e+01,-5.000000000000000000e-01,0.000000000000000000e+00,1.000000000000000000e+00,0.000000000000000000e+00,9.906841391099999328e+01,9.906841391099999328e+01,2.030000000000000071e+01,7.000000000000000000e+00,9.009999999999999432e+01,-2.400000000000000000e+01,2.020000000000000000e+02,9.100000000000000000e+01,1.028000000000000025e+00,1.467999999999999972e+00,2.999999999999999889e-01,4.379999999999999716e+01,2.689999999999999858e+01,1.059999999999999964e+01,3.379999999999999716e+01
-6.192722324196000550e-01,-8.367567351893979710e-01,-8.012965170199309872e-01,-1.034011413398290058e+00,-1.520440293702560064e+00,1.560139206200839901e+00,-1.812467822169779863e-01,-3.923410287323880058e-02,7.030264422186760509e-01,2.571589545966030066e+00,-2.665846047020080101e-01,-7.422997096699149866e-01,-2.593995485679099766e-01,8.786757514265729485e-01,-1.890125175466019977e-02,1.429694226105689969e+00,-8.783893109328460014e-01,4.772258680512290185e-01,3.300000000000000155e-01,1.011500000000000057e+02,5.000000000000000000e-01,0.000000000000000000e+00,1.000000000000000000e+00,2.000000000000000000e+00,1.010840639740000029e+02,1.010840639740000029e+02,2.030000000000000071e+01,7.000000000000000000e+00,5.000000000000000000e+01,-1.000000000000000000e+00,1.765000000000000000e+02,1.830000000000000071e+01,9.050000000000000266e-01,1.433999999999999941e+00,1.000000000000000000e+00,4.139999999999999858e+01,2.910000000000000142e+01,1.150000000000000000e+01,2.780000000000000071e+01,9.912999999999999545e+01,-5.000000000000000000e-01,0.000000000000000000e+00,1.000000000000000000e+00,0.000000000000000000e+00,9.906841391099999328e+01,9.906841391099999328e+01,2.030000000000000071e+01,7.000000000000000000e+00,9.009999999999999432e+01,-2.400000000000000000e+01,2.020000000000000000e+02,9.100000000000000000e+01,1.028000000000000025e+00,1.467999999999999972e+00,2.999999999999999889e-01,4.379999999999999716e+01,2.689999999999999858e+01,1.059999999999999964e+01,3.379999999999999716e+01
-6.192722324196000550e-01,-8.367567351893979710e-01,-8.012965170199309872e-01,-1.034011413398290058e+00,-1.520440293702560064e+00,1.560139206200839901e+00,-1.812467822169779863e-01,-3.923410287323880058e-02,7.030264422186760509e-01,3.294613538057340030e+00,2.956052030684320001e-02,-3.263949820664989732e-01,1.355531436420770008e+00,4.745111987717999802e-01,1.195783988251919894e+00,8.318238336504289732e-02,1.143728214257949904e+00,-4.676118977299170143e-01,5.000000000000000278e-02,1.011500000000000057e+02,5.000000000000000000e-01,0.000000000000000000e+00,1.000000000000000000e+00,2.000000000000000000e+00,1.010840639740000029e+02,1.010840639740000029e+02,2.030000000000000071e+01,7.000000000000000000e+00,5.000000000000000000e+01,-1.000000000000000000e+00,1.765000000000000000e+02,1.830000000000000071e+01,9.050000000000000266e-01,1.433999999999999941e+00,1.000000000000000000e+00,4.139999999999999858e+01,2.910000000000000142e+01,1.150000000000000000e+01,2.780000000000000071e+01,1.010999999999999943e+02,-1.000000000000000056e-01,0.000000000000000000e+00,2.000000000000000000e+00,0.000000000000000000e+00,1.010476784659999936e+02,1.010476784659999936e+02,2.950000000000000000e+01,7.000000000000000000e+00,9.170000000000000284e+01,1.500000000000000000e+01,3.113500000000000227e+02,1.130000000000000000e+02,1.169999999999999929e+00,1.453999999999999959e+00,0.000000000000000000e+00,5.039999999999999858e+01,2.380000000000000071e+01,9.500000000000000000e+00,3.500000000000000000e+01
-6.192722324196000550e-01,-8.367567351893979710e-01,-8.012965170199309872e-01,-1.034011413398290058e+00,-1.520440293702560064e+00,1.560139206200839901e+00,-1.812467822169779863e-01,-3.923410287323880058e-02,7.030264422186760509e-01,3.294613538057340030e+00,2.956052030684320001e-02,-3.263949820664989732e-01,1.355531436420770008e+00,4.745111987717999802e-01,1.195783988251919894e+00,8.318238336504289732e-02,1.143728214257949904e+00,-4.676118977299170143e-01,3.699999999999999956e-01,1.011500000000000057e+02,5.000000000000000000e-01,0.000000000000000000e+00,1.000000000000000000e+00,2.000000000000000000e+00,1.010840639740000029e+02,1.010840639740000029e+02,2.030000000000000071e+01,7.000000000000000000e+00,5.000000000000000000e+01,-1.000000000000000000e+00,1.765000000000000000e+02,1.830000000000000071e+01,9.050000000000000266e-01,1.433999999999999941e+00,1.000000000000000000e+00,4.139999999999999858e+01,2.910000000000000142e+01,1.150000000000000000e+01,2.780000000000000071e+01,1.010999999999999943e+02,-1.000000000000000056e-01,0.000000000000000000e+00,2.000000000000000000e+00,0.000000000000000000e+00,1.010476784659999936e+02,1.010476784659999936e+02,2.950000000000000000e+01,7.000000000000000000e+00,9.170000000000000284e+01,1.500000000000000000e+01,3.113500000000000227e+02,1.130000000000000000e+02,1.169999999999999929e+00,1.453999999999999959e+00,0.000000000000000000e+00,5.039999999999999858e+01,2.380000000000000071e+01,9.500000000000000000e+00,3.500000000000000000e+01
-6.192722324196000550e-01,-8.367567351893979710e-01,-8.012965170199309872e-01,-1.034011413398290058e+00,-1.520440293702560064e+00,1.560139206200839901e+00,-1.812467822169779863e-01,-3.923410287323880058e-02,7.030264422186760509e-01,3.294613538057340030e+00,2.956052030684320001e-02,-3.263949820664989732e-01,1.355531436420770008e+00,4.745111987717999802e-01,1.195783988251919894e+00,8.318238336504289732e-02,1.143728214257949904e+00,-4.676118977299170143e-01,8.399999999999999689e-01,1.011500000000000057e+02,5.000000000000000000e-01,0.000000000000000000e+00,1.000000000000000000e+00,2.000000000000000000e+00,1.010840639740000029e+02,1.010840639740000029e+02,2.030000000000000071e+01,7.000000000000000000e+00,5.000000000000000000e+01,-1.000000000000000000e+00,1.765000000000000000e+02,1.830000000000000071e+01,9.050000000000000266e-01,1.433999999999999941e+00,1.000000000000000000e+00,4.139999999999999858e+01,2.910000000000000142e+01,1.150000000000000000e+01,2.780000000000000071e+01,1.010999999999999943e+02,-1.000000000000000056e-01,0.000000000000000000e+00,2.000000000000000000e+00,0.000000000000000000e+00,1.010476784659999936e+02,1.010476784659999936e+02,2.950000000000000000e+01,7.000000000000000000e+00,9.170000000000000284e+01,1.500000000000000000e+01,3.113500000000000227e+02,1.130000000000000000e+02,1.169999999999999929e+00,1.453999999999999959e+00,0.000000000000000000e+00,5.039999999999999858e+01,2.380000000000000071e+01,9.500000000000000000e+00,3.500000000000000000e+01
-6.192722324196000550e-01,-8.367567351893979710e-01,-8.012965170199309872e-01,-1.034011413398290058e+00,-1.520440293702560064e+00,1.560139206200839901e+00,-1.812467822169779863e-01,-3.923410287323880058e-02,7.030264422186760509e-01,-1.487340390334080054e+00,-9.454155939245559859e-01,-6.607858535541629719e-01,-5.245103684307259595e-01,1.750941091817239947e-01,5.549006702858839679e-01,-2.091723004801110120e-01,-1.867344799606479866e-01,-4.934019757307580023e-01,1.700000000000000122e-01,1.011500000000000057e+02,5.000000000000000000e-01,0.000000000000000000e+00,1.000000000000000000e+00,2.000000000000000000e+00,1.010840639740000029e+02,1.010840639740000029e+02,2.030000000000000071e+01,7.000000000000000000e+00,5.000000000000000000e+01,-1.000000000000000000e+00,1.765000000000000000e+02,1.830000000000000071e+01,9.050000000000000266e-01,1.433999999999999941e+00,1.000000000000000000e+00,4.139999999999999858e+01,2.910000000000000142e+01,1.150000000000000000e+01,2.780000000000000071e+01,7.309000000000000341e+01,-1.000000000000000000e+00,0.000000000000000000e+00,1.000000000000000000e+00,0.000000000000000000e+00,7.305276384699999426e+01,7.305276384699999426e+01,2.030000000000000071e+01,5.000000000000000000e+00,3.389999999999999858e+01,-6.110000000000000142e+01,1.528000000000000114e+02,1.390000000000000036e+01,9.439999999999999503e-01,1.429999999999999938e+00,3.000000000000000000e+00,3.900000000000000000e+01,1.989999999999999858e+01,7.900000000000000355e+00,2.569999999999999929e+01
-6.192722324196000550e-01,-8.367567351893979710e-01,-8.012965170199309872e-01,-1.034011413398290058e+00,-1.520440293702560064e+00,1.560139206200839901e+00,-1.812467822169779863e-01,-3.923410287323880058e-02,7.030264422186760509e-01,-1.487340390334080054e+00,-9.454155939245559859e-01,-6.607858535541629719e-01,-5.245103684307259595e-01,1.750941091817239947e-01,5.549006702858839679e-01,-2.091723004801110120e-01,-1.867344799606479866e-01,-4.934019757307580023e-01,4.199999999999999845e-01,1.011500000000000057e+02,5.000000000000000000e-01,0.000000000000000000e+00,1.000000000000000000e+00,2.000000000000000000e+00,1.010840639740000029e+02,1.010840639740000029e+02,2.030000000000000071e+01,7.000000000000000000e+00,5.000000000000000000e+01,-1.000000000000000000e+00,1.765000000000000000e+02,1.830000000000000071e+01,9.050000000000000266e-01,1.433999999999999941e+00,1.000000000000000000e+00,4.139999999999999858e+01,2.910000000000000142e+01,1.150000000000000000e+01,2.780000000000000071e+01,7.309000000000000341e+01,-1.000000000000000000e+00,0.000000000000000000e+00,1.000000000000000000e+00,0.000000000000000000e+00,7.305276384699999426e+01,7.305276384699999426e+01,2.030000000000000071e+01,5.000000000000000000e+00,3.389999999999999858e+01,-6.110000000000000142e+01,1.528000000000000114e+02,1.390000000000000036e+01,9.439999999999999503e-01,1.429999999999999938e+00,3.000000000000000000e+00,3.900000000000000000e+01,1.989999999999999858e+01,7.900000000000000355e+00,2.569999999999999929e+01
-6.192722324196000550e-01,-8.367567351893979710e-01,-8.012965170199309872e-01,-1.034011413398290058e+00,-1.520440293702560064e+00,1.560139206200839901e+00,-1.812467822169779863e-01,-3.923410287323880058e-02,7.030264422186760509e-01,-1.487340390334080054e+00,-9.454155939245559859e-01,-6.607858535541629719e-01,-5.245103684307259595e-01,1.750941091817239947e-01,5.549006702858839679e-01,-2.091723004801110120e-01,-1.867344799606479866e-01,-4.934019757307580023e-01,8.100000000000000533e-01,1.011500000000000057e+02,5.000000000000000000e-01,0.000000000000000000e+00,1.000000000000000000e+00,2.000000000000000000e+00,1.010840639740000029e+02,1.010840639740000029e+02,2.030000000000000071e+01,7.000000000000000000e+00,5.000000000000000000e+01,-1.000000000000000000e+00,1.765000000000000000e+02,1.830000000000000071e+01,9.050000000000000266e-01,1.433999999999999941e+00,1.000000000000000000e+00,4.139999999999999858e+01,2.910000000000000142e+01,1.150000000000000000e+01,2.780000000000000071e+01,7.309000000000000341e+01,-1.000000000000000000e+00,0.000000000000000000e+00,1.000000000000000000e+00,0.000000000000000000e+00,7.305276384699999426e+01,7.305276384699999426e+01,2.030000000000000071e+01,5.000000000000000000e+00,3.389999999999999858e+01,-6.110000000000000142e+01,1.528000000000000114e+02,1.390000000000000036e+01,9.439999999999999503e-01,1.429999999999999938e+00,3.000000000000000000e+00,3.900000000000000000e+01,1.989999999999999858e+01,7.900000000000000355e+00,2.569999999999999929e+01
-6.192722324196000550e-01,-8.367567351893979710e-01,-8.012965170199309872e-01,-1.034011413398290058e+00,-1.520440293702560064e+00,1.560139206200839901e+00,-1.812467822169779863e-01,-3.923410287323880058e-02,7.030264422186760509e-01,-1.543952983828360104e+00,-1.207268231616070109e+00,-4.921516589540119724e-01,-4.234132577804100017e-01,8.970012928876679448e-01,4.013178787794099978e-01,1.657552772919899942e-01,-4.816954090123640175e-01,-5.966746512579970130e-01,1.199999999999999956e-01,1.011500000000000057e+02,5.000000000000000000e-01,0.000000000000000000e+00,1.000000000000000000e+00,2.000000000000000000e+00,1.010840639740000029e+02,1.010840639740000029e+02,2.030000000000000071e+01,7.000000000000000000e+00,5.000000000000000000e+01,-1.000000000000000000e+00,1.765000000000000000e+02,1.830000000000000071e+01,9.050000000000000266e-01,1.433999999999999941e+00,1.000000000000000000e+00,4.139999999999999858e+01,2.910000000000000142e+01,1.150000000000000000e+01,2.780000000000000071e+01,8.712000000000000455e+01,-8.000000000000000444e-01,0.000000000000000000e+00,1.000000000000000000e+00,0.000000000000000000e+00,8.706841391099999328e+01,8.706841391099999328e+01,2.030000000000000071e+01,6.000000000000000000e+00,5.860000000000000142e+01,-2.000000000000000000e+01,1.650000000000000000e+02,2.110000000000000142e+01,9.370000000000000551e-01,1.437000000000000055e+00,2.000000000000000000e+00,4.029999999999999716e+01,2.430000000000000071e+01,9.599999999999999645e+00,2.539999999999999858e+01
-6.192722324196000550e-01,-8.367567351893979710e-01,-8.012965170199309872e-01,-1.034011413398290058e+00,-1.520440293702560064e+00,1.560139206200839901e+00,-1.812467822169779863e-01,-3.923410287323880058e-02,7.030264422186760509e-01,-1.543952983828360104e+00,-1.207268231616070109e+00,-4.921516589540119724e-01,-4.234132577804100017e-01,8.970012928876679448e-01,4.013178787794099978e-01,1.657552772919899942e-01,-4.816954090123640175e-01,-5.966746512579970130e-01,3.699999999999999956e-01,1.011500000000000057e+02,5.000000000000000000e-01,0.000000000000000000e+00,1.000000000000000000e+00,2.000000000000000000e+00,1.010840639740000029e+02,1.010840639740000029e+02,2.030000000000000071e+01,7.000000000000000000e+00,5.000000000000000000e+01,-1.000000000000000000e+00,1.765000000000000000e+02,1.830000000000000071e+01,9.050000000000000266e-01,1.433999999999999941e+00,1.000000000000000000e+00,4.139999999999999858e+01,2.910000000000000142e+01,1.150000000000000000e+01,2.780000000000000071e+01,8.712000000000000455e+01,-8.000000000000000444e-01,0.000000000000000000e+00,1.000000000000000000e+00,0.000000000000000000e+00,8.706841391099999328e+01,8.706841391099999328e+01,2.030000000000000071e+01,6.000000000000000000e+00,5.860000000000000142e+01,-2.000000000000000000e+01,1.650000000000000000e+02,2.110000000000000142e+01,9.370000000000000551e-01,1.437000000000000055e+00,2.000000000000000000e+00,4.029999999999999716e+01,2.430000000000000071e+01,9.599999999999999645e+00,2.539999999999999858e+01
-6.192722324196000550e-01,-8.367567351893979710e-01,-8.012965170199309872e-01,-1.034011413398290058e+00,-1.520440293702560064e+00,1.560139206200839901e+00,-1.812467822169779863e-01,-3.923410287323880058e-02,7.030264422186760509e-01,-1.543952983828360104e+00,-1.207268231616070109e+00,-4.921516589540119724e-01,-4.234132577804100017e-01,8.970012928876679448e-01,4.013178787794099978e-01,1.657552772919899942e-01,-4.816954090123640175e-01,-5.966746512579970130e-01,6.400000000000000133e-01,1.011500000000000057e+02,5.000000000000000000e-01,0.000000000000000000e+00,1.000000000000000000e+00,2.000000000000000000e+00,1.010840639740000029e+02,1.010840639740000029e+02,2.030000000000000071e+01,7.000000000000000000e+00,5.000000000000000000e+01,-1.000000000000000000e+00,1.765000000000000000e+02,1.830000000000000071e+01,9.050000000000000266e-01,1.433999999999999941e+00,1.000000000000000000e+00,4.139999999999999858e+01,2.910000000000000142e+01,1.150000000000000000e+01,2.780000000000000071e+01,8.712000000000000455e+01,-8.000000000000000444e-01,0.000000000000000000e+00,1.000000000000000000e+00,0.000000000000000000e+00,8.706841391099999328e+01,8.706841391099999328e+01,2.030000000000000071e+01,6.000000000000000000e+00,5.860000000000000142e+01,-2.000000000000000000e+01,1.650000000000000000e+02,2.110000000000000142e+01,9.370000000000000551e-01,1.437000000000000055e+00,2.000000000000000000e+00,4.029999999999999716e+01,2.430000000000000071e+01,9.599999999999999645e+00,2.539999999999999858e+01
-6.192722324196000550e-01,-8.367567351893979710e-01,-8.012965170199309872e-01,-1.034011413398290058e+00,-1.520440293702560064e+00,1.560139206200839901e+00,-1.812467822169779863e-01,-3.923410287323880058e-02,7.030264422186760509e-01,-1.687090937152939896e+00,-5.257613146516330049e-01,-1.374786792559550053e+00,1.790434198756669926e-01,-1.360630229246780065e-01,-1.142416958292769902e+00,6.050800331897659978e-01,4.455413910646319753e-01,1.697445153632269957e-02,2.300000000000000100e-01,1.011500000000000057e+02,5.000000000000000000e-01,0.000000000000000000e+00,1.000000000000000000e+00,2.000000000000000000e+00,1.010840639740000029e+02,1.010840639740000029e+02,2.030000000000000071e+01,7.000000000000000000e+00,5.000000000000000000e+01,-1.000000000000000000e+00,1.765000000000000000e+02,1.830000000000000071e+01,9.050000000000000266e-01,1.433999999999999941e+00,1.000000000000000000e+00,4.139999999999999858e+01,2.910000000000000142e+01,1.150000000000000000e+01,2.780000000000000071e+01,7.309000000000000341e+01,-1.100000000000000089e+00,1.000000000000000000e+00,1.000000000000000000e+00,0.000000000000000000e+00,7.305276384699999426e+01,7.305276384699999426e+01,2.910000000000000142e+01,5.000000000000000000e+00,4.220000000000000284e+01,2.700000000000000000e+01,2.050000000000000000e+02,1.082999999999999972e+02,9.569999999999999618e-01,1.433000000000000052e+00,2.000000000000000111e-01,4.420000000000000284e+01,1.960000000000000142e+01,7.799999999999999822e+00,2.330000000000000071e+01
-6.192722324196000550e-01,-8.367567351893979710e-01,-8.012965170199309872e-01,-1.034011413398290058e+00,-1.520440293702560064e+00,1.560139206200839901e+00,-1.812467822169779863e-01,-3.923410287323880058e-02,7.030264422186760509e-01,-1.687090937152939896e+00,-5.257613146516330049e-01,-1.374786792559550053e+00,1.790434198756669926e-01,-1.360630229246780065e-01,-1.142416958292769902e+00,6.050800331897659978e-01,4.455413910646319753e-01,1.697445153632269957e-02,5.600000000000000533e-01,1.011500000000000057e+02,5.000000000000000000e-01,0.000000000000000000e+00,1.000000000000000000e+00,2.000000000000000000e+00,1.010840639740000029e+02,1.010840639740000029e+02,2.030000000000000071e+01,7.000000000000000000e+00,5.000000000000000000e+01,-1.000000000000000000e+00,1.765000000000000000e+02,1.830000000000000071e+01,9.050000000000000266e-01,1.433999999999999941e+00,1.000000000000000000e+00,4.139999999999999858e+01,2.910000000000000142e+01,1.150000000000000000e+01,2.780000000000000071e+01,7.309000000000000341e+01,-1.100000000000000089e+00,1.000000000000000000e+00,1.000000000000000000e+00,0.000000000000000000e+00,7.305276384699999426e+01,7.305276384699999426e+01,2.910000000000000142e+01,5.000000000000000000e+00,4.220000000000000284e+01,2.700000000000000000e+01,2.050000000000000000e+02,1.082999999999999972e+02,9.569999999999999618e-01,1.433000000000000052e+00,2.000000000000000111e-01,4.420000000000000284e+01,1.960000000000000142e+01,7.799999999999999822e+00,2.330000000000000071e+01
-6.192722324196000550e-01,-8.367567351893979710e-01,-8.012965170199309872e-01,-1.034011413398290058e+00,-1.520440293702560064e+00,1.560139206200839901e+00,-1.812467822169779863e-01,-3.923410287323880058e-02,7.030264422186760509e-01,-1.687090937152939896e+00,-5.257613146516330049e-01,-1.374786792559550053e+00,1.790434198756669926e-01,-1.360630229246780065e-01,-1.142416958292769902e+00,6.050800331897659978e-01,4.455413910646319753e-01,1.697445153632269957e-02,8.900000000000000133e-01,1.011500000000000057e+02,5.000000000000000000e-01,0.000000000000000000e+00,1.000000000000000000e+00,2.000000000000000000e+00,1.010840639740000029e+02,1.010840639740000029e+02,2.030000000000000071e+01,7.000000000000000000e+00,5.000000000000000000e+01,-1.000000000000000000e+00,1.765000000000000000e+02,1.830000000000000071e+01,9.050000000000000266e-01,1.433999999999999941e+00,1.000000000000000000e+00,4.139999999999999858e+01,2.910000000000000142e+01,1.150000000000000000e+01,2.780000000000000071e+01,7.309000000000000341e+01,-1.100000000000000089e+00,1.000000000000000000e+00,1.000000000000000000e+00,0.000000000000000000e+00,7.305276384699999426e+01,7.305276384699999426e+01,2.910000000000000142e+01,5.000000000000000000e+00,4.220000000000000284e+01,2.700000000000000000e+01,2.050000000000000000e+02,1.082999999999999972e+02,9.569999999999999618e-01,1.433000000000000052e+00,2.000000000000000111e-01,4.420000000000000284e+01,1.960000000000000142e+01,7.799999999999999822e+00,2.330000000000000071e+01
-6.192722324196000550e-01,-8.367567351893979710e-01,-8.012965170199309872e-01,-1.034011413398290058e+00,-1.520440293702560064e+00,1.560139206200839901e+00,-1.812467822169779863e-01,-3.923410287323880058e-02,7.030264422186760509e-01,-1.661024410784039951e+00,-1.319045901586690106e-01,-1.505563469797889908e+00,2.041513352260259928e-01,-5.080874261569460204e-01,-9.274896556553899885e-01,2.807027391217660206e-01,7.556699162084500321e-01,7.218406190901349717e-02,1.499999999999999944e-01,1.011500000000000057e+02,5.000000000000000000e-01,0.000000000000000000e+00,1.000000000000000000e+00,2.000000000000000000e+00,1.010840639740000029e+02,1.010840639740000029e+02,2.030000000000000071e+01,7.000000000000000000e+00,5.000000000000000000e+01,-1.000000000000000000e+00,1.765000000000000000e+02,1.830000000000000071e+01,9.050000000000000266e-01,1.433999999999999941e+00,1.000000000000000000e+00,4.139999999999999858e+01,2.910000000000000142e+01,1.150000000000000000e+01,2.780000000000000071e+01,5.907000000000000028e+01,-1.000000000000000000e+00,1.000000000000000000e+00,1.000000000000000000e+00,0.000000000000000000e+00,5.903711378300000234e+01,5.903711378300000234e+01,2.910000000000000142e+01,4.000000000000000000e+00,2.000000000000000000e+01,-4.000000000000000000e+00,1.830000000000000000e+02,1.110000000000000000e+02,1.010999999999999899e+00,1.431999999999999940e+00,8.000000000000000444e-01,4.189999999999999858e+01,1.509999999999999964e+01,6.000000000000000000e+00,2.319999999999999929e+01
-6.192722324196000550e-01,-8.367567351893979710e-01,-8.012965170199309872e-01,-1.034011413398290058e+00,-1.520440293702560064e+00,1.560139206200839901e+00,-1.812467822169779863e-01,-3.923410287323880058e-02,7.030264422186760509e-01,-1.661024410784039951e+00,-1.319045901586690106e-01,-1.505563469797889908e+00,2.041513352260259928e-01,-5.080874261569460204e-01,-9.274896556553899885e-01,2.807027391217660206e-01,7.556699162084500321e-01,7.218406190901349717e-02,4.199999999999999845e-01,1.011500000000000057e+02,5.000000000000000000e-01,0.000000000000000000e+00,1.000000000000000000e+00,2.000000000000000000e+00,1.010840639740000029e+02,1.010840639740000029e+02,2.030000000000000071e+01,7.000000000000000000e+00,5.000000000000000000e+01,-1.000000000000000000e+00,1.765000000000000000e+02,1.830000000000000071e+01,9.050000000000000266e-01,1.433999999999999941e+00,1.000000000000000000e+00,4.139999999999999858e+01,2.910000000000000142e+01,1.150000000000000000e+01,2.780000000000000071e+01,5.907000000000000028e+01,-1.000000000000000000e+00,1.000000000000000000e+00,1.000000000000000000e+00,0.000000000000000000e+00,5.903711378300000234e+01,5.903711378300000234e+01,2.910000000000000142e+01,4.000000000000000000e+00,2.000000000000000000e+01,-4.000000000000000000e+00,1.830000000000000000e+02,1.110000000000000000e+02,1.010999999999999899e+00,1.431999999999999940e+00,8.000000000000000444e-01,4.189999999999999858e+01,1.509999999999999964e+01,6.000000000000000000e+00,2.319999999999999929e+01
-6.192722324196000550e-01,-8.367567351893979710e-01,-8.012965170199309872e-01,-1.034011413398290058e+00,-1.520440293702560064e+00,1.560139206200839901e+00,-1.812467822169779863e-01,-3.923410287323880058e-02,7.030264422186760509e-01,-1.661024410784039951e+00,-1.319045901586690106e-01,-1.505563469797889908e+00,2.041513352260259928e-01,-5.080874261569460204e-01,-9.274896556553899885e-01,2.807027391217660206e-01,7.556699162084500321e-01,7.218406190901349717e-02,8.699999999999999956e-01,1.011500000000000057e+02,5.000000000000000000e-01,0.000000000000000000e+00,1.000000000000000000e+00,2.000000000000000000e+00,1.010840639740000029e+02,1.010840639740000029e+02,2.030000000000000071e+01,7.000000000000000000e+00,5.000000000000000000e+01,-1.000000000000000000e+00,1.765000000000000000e+02,1.830000000000000071e+01,9.050000000000000266e-01,1.433999999999999941e+00,1.000000000000000000e+00,4.139999999999999858e+01,2.910000000000000142e+01,1.150000000000000000e+01,2.780000000000000071e+01,5.907000000000000028e+01,-1.000000000000000000e+00,1.000000000000000000e+00,1.000000000000000000e+00,0.000000000000000000e+00,5.903711378300000234e+01,5.903711378300000234e+01,2.910000000000000142e+01,4.000000000000000000e+00,2.000000000000000000e+01,-4.000000000000000000e+00,1.830000000000000000e+02,1.110000000000000000e+02,1.010999999999999899e+00,1.431999999999999940e+00,8.000000000000000444e-01,4.189999999999999858e+01,1.509999999999999964e+01,6.000000000000000000e+00,2.319999999999999929e+01
-6.192722324196000550e-01,-8.367567351893979710e-01,-8.012965170199309872e-01,-1.034011413398290058e+00,-1.520440293702560064e+00,1.560139206200839901e+00,-1.812467822169779863e-01,-3.923410287323880058e-02,7.030264422186760509e-01,2.857105320106359869e+00,-1.272999219090420020e+00,9.102913958780970427e-01,-8.946133462400600311e-02,-2.367325139260620104e-01,-4.760814925199409742e-01,-1.339122604635220037e-01,-5.585527304754620004e-02,3.337543275318760050e-01,1.499999999999999944e-01,1.011500000000000057e+02,5.000000000000000000e-01,0.000000000000000000e+00,1.000000000000000000e+00,2.000000000000000000e+00,1.010840639740000029e+02,1.010840639740000029e+02,2.030000000000000071e+01,7.000000000000000000e+00,5.000000000000000000e+01,-1.000000000000000000e+00,1.765000000000000000e+02,1.830000000000000071e+01,9.050000000000000266e-01,1.433999999999999941e+00,1.000000000000000000e+00,4.139999999999999858e+01,2.910000000000000142e+01,1.150000000000000000e+01,2.780000000000000071e+01,1.141500000000000057e+02,-5.000000000000000000e-01,0.000000000000000000e+00,1.000000000000000000e+00,0.000000000000000000e+00,1.140793129470000054e+02,1.140793129470000054e+02,2.360000000000000142e+01,8.000000000000000000e+00,1.010000000000000000e+02,8.000000000000000000e+00,2.250000000000000000e+02,3.389999999999999858e+01,1.054999999999999938e+00,1.471999999999999975e+00,1.000000000000000056e-01,4.570000000000000284e+01,3.050000000000000000e+01,1.209999999999999964e+01,3.360000000000000142e+01
-6.192722324196000550e-01,-8.367567351893979710e-01,-8.012965170199309872e-01,-1.034011413398290058e+00,-1.520440293702560064e+00,1.560139206200839901e+00,-1.812467822169779863e-01,-3.923410287323880058e-02,7.030264422186760509e-01,2.857105320106359869e+00,-1.272999219090420020e+00,9.102913958780970427e-01,-8.946133462400600311e-02,-2.367325139260620104e-01,-4.760814925199409742e-01,-1.339122604635220037e-01,-5.585527304754620004e-02,3.337543275318760050e-01,3.400000000000000244e-01,1.011500000000000057e+02,5.000000000000000000e-01,0.000000000000000000e+00,1.000000000000000000e+00,2.000000000000000000e+00,1.010840639740000029e+02,1.010840639740000029e+02,2.030000000000000071e+01,7.000000000000000000e+00,5.000000000000000000e+01,-1.000000000000000000e+00,1.765000000000000000e+02,1.830000000000000071e+01,9.050000000000000266e-01,1.433999999999999941e+00,1.000000000000000000e+00,4.139999999999999858e+01,2.910000000000000142e+01,1.150000000000000000e+01,2.780000000000000071e+01,1.141500000000000057e+02,-5.000000000000000000e-01,0.000000000000000000e+00,1.000000000000000000e+00,0.000000000000000000e+00,1.140793129470000054e+02,1.140793129470000054e+02,2.360000000000000142e+01,8.000000000000000000e+00,1.010000000000000000e+02,8.000000000000000000e+00,2.250000000000000000e+02,3.389999999999999858e+01,1.054999999999999938e+00,1.471999999999999975e+00,1.000000000000000056e-01,4.570000000000000284e+01,3.050000000000000000e+01,1.209999999999999964e+01,3.360000000000000142e+01
-6.192722324196000550e-01,-8.367567351893979710e-01,-8.012965170199309872e-01,-1.034011413398290058e+00,-1.520440293702560064e+00,1.560139206200839901e+00,-1.812467822169779863e-01,-3.923410287323880058e-02,7.030264422186760509e-01,2.857105320106359869e+00,-1.272999219090420020e+00,9.102913958780970427e-01,-8.946133462400600311e-02,-2.367325139260620104e-01,-4.760814925199409742e-01,-1.339122604635220037e-01,-5.585527304754620004e-02,3.337543275318760050e-01,7.199999999999999734e-01,1.011500000000000057e+02,5.000000000000000000e-01,0.000000000000000000e+00,1.000000000000000000e+00,2.000000000000000000e+00,1.010840639740000029e+02,1.010840639740000029e+02,2.030000000000000071e+01,7.000000000000000000e+00,5.000000000000000000e+01,-1.000000000000000000e+00,1.765000000000000000e+02,1.830000000000000071e+01,9.050000000000000266e-01,1.433999999999999941e+00,1.000000000000000000e+00,4.139999999999999858e+01,2.910000000000000142e+01,1.150000000000000000e+01,2.780000000000000071e+01,1.141500000000000057e+02,-5.000000000000000000e-01,0.000000000000000000e+00,1.000000000000000000e+00,0.000000000000000000e+00,1.140793129470000054e+02,1.140793129470000054e+02,2.360000000000000142e+01,8.000000000000000000e+00,1.010000000000000000e+02,8.000000000000000000e+00,2.250000000000000000e+02,3.389999999999999858e+01,1.054999999999999938e+00,1.471999999999999975e+00,1.000000000000000056e-01,4.570000000000000284e+01,3.050000000000000000e+01,1.209999999999999964e+01,3.360000000000000142e+01
-6.192722324196000550e-01,-8.367567351893979710e-01,-8.012965170199309872e-01,-1.034011413398290058e+00,-1.520440293702560064e+00,1.560139206200839901e+00,-1.812467822169779863e-01,-3.923410287323880058e-02,7.030264422186760509e-01,2.571589545966030066e+00,-2.665846047020080101e-01,-7.422997096699149866e-01,-2.593995485679099766e-01,8.786757514265729485e-01,-1.890125175466019977e-02,1.429694226105689969e+00,-8.783893109328460014e-01,4.772258680512290185e-01,5.799999999999999600e-01,1.011500000000000057e+02,5.000000000000000000e-01,0.000000000000000000e+00,1.000000000000000000e+00,2.000000000000000000e+00,1.010840639740000029e+02,1.010840639740000029e+02,2.030000000000000071e+01,7.000000000000000000e+00,5.000000000000000000e+01,-1.000000000000000000e+00,1.765000000000000000e+02,1.830000000000000071e+01,9.050000000000000266e-01,1.433999999999999941e+00,1.000000000000000000e+00,4.139999999999999858e+01,2.910000000000000142e+01,1.150000000000000000e+01,2.780000000000000071e+01,9.912999999999999545e+01,-5.000000000000000000e-01,0.000000000000000000e+00,1.000000000000000000e+00,0.000000000000000000e+00,9.906841391099999328e+01,9.906841391099999328e+01,2.030000000000000071e+01,7.000000000000000000e+00,9.009999999999999432e+01,-2.400000000000000000e+01,2.020000000000000000e+02,9.100000000000000000e+01,1.028000000000000025e+00,1.467999999999999972e+00,2.999999999999999889e-01,4.379999999999999716e+01,2.689999999999999858e+01,1.059999999999999964e+01,3.379999999999999716e+01
-6.192722324196000550e-01,-8.367567351893979710e-01,-8.012965170199309872e-01,-1.034011413398290058e+00,-1.520440293702560064e+00,1.560139206200839901e+00,-1.812467822169779863e-01,-3.923410287323880058e-02,7.030264422186760509e-01,-1.324705803059770037e+00,-1.601064662974019948e+00,6.018324436961870472e-01,-2.514903787083930253e-01,6.964265125505000320e-01,-9.066671834746520275e-02,-1.073444503424390017e+00,-1.948103052732050033e-01,-4.402574710484489784e-01,1.499999999999999944e-01,1.011500000000000057e+02,5.000000000000000000e-01,0.000000000000000000e+00,1.000000000000000000e+00,2.000000000000000000e+00,1.010840639740000029e+02,1.010840639740000029e+02,2.030000000000000071e+01,7.000000000000000000e+00,5.000000000000000000e+01,-1.000000000000000000e+00,1.765000000000000000e+02,1.830000000000000071e+01,9.050000000000000266e-01,1.433999999999999941e+00,1.000000000000000000e+00,4.139999999999999858e+01,2.910000000000000142e+01,1.150000000000000000e+01,2.780000000000000071e+01,1.161599999999999966e+02,2.000000000000000111e-01,0.000000000000000000e+00,1.000000000000000000e+00,0.000000000000000000e+00,1.160949630110000044e+02,1.160949630110000044e+02,2.360000000000000142e+01,8.000000000000000000e+00,7.840000000000000568e+01,-1.000000000000000000e+00,1.770000000000000000e+02,2.389999999999999858e+01,2.389999999999999858e+01,1.451000000000000068e+00,1.199999999999999956e+00,4.120000000000000284e+01,3.270000000000000284e+01,1.300000000000000000e+01,3.019999999999999929e+01
-6.192722324196000550e-01,-8.367567351893979710e-01,-8.012965170199309872e-01,-1.034011413398290058e+00,-1.520440293702560064e+00,1.560139206200839901e+00,-1.812467822169779863e-01,-3.923410287323880058e-02,7.030264422186760509e-01,-1.324705803059770037e+00,-1.601064662974019948e+00,6.018324436961870472e-01,-2.514903787083930253e-01,6.964265125505000320e-01,-9.066671834746520275e-02,-1.073444503424390017e+00,-1.948103052732050033e-01,-4.402574710484489784e-01,4.199999999999999845e-01,1.011500000000000057e+02,5.000000000000000000e-01,0.000000000000000000e+00,1.000000000000000000e+00,2.000000000000000000e+00,1.010840639740000029e+02,1.010840639740000029e+02,2.030000000000000071e+01,7.000000000000000000e+00,5.000000000000000000e+01,-1.000000000000000000e+00,1.765000000000000000e+02,1.830000000000000071e+01,9.050000000000000266e-01,1.433999999999999941e+00,1.000000000000000000e+00,4.139999999999999858e+01,2.910000000000000142e+01,1.150000000000000000e+01,2.780000000000000071e+01,1.161599999999999966e+02,2.000000000000000111e-01,0.000000000000000000e+00,1.000000000000000000e+00,0.000000000000000000e+00,1.160949630110000044e+02,1.160949630110000044e+02,2.360000000000000142e+01,8.000000000000000000e+00,7.840000000000000568e+01,-1.000000000000000000e+00,1.770000000000000000e+02,2.389999999999999858e+01,2.389999999999999858e+01,1.451000000000000068e+00,1.199999999999999956e+00,4.120000000000000284e+01,3.270000000000000284e+01,1.300000000000000000e+01,3.019999999999999929e+01
-6.192722324196000550e-01,-8.367567351893979710e-01,-8.012965170199309872e-01,-1.034011413398290058e+00,-1.520440293702560064e+00,1.560139206200839901e+00,-1.812467822169779863e-01,-3.923410287323880058e-02,7.030264422186760509e-01,-1.324705803059770037e+00,-1.601064662974019948e+00,6.018324436961870472e-01,-2.514903787083930253e-01,6.964265125505000320e-01,-9.066671834746520275e-02,-1.073444503424390017e+00,-1.948103052732050033e-01,-4.402574710484489784e-01,8.900000000000000133e-01,1.011500000000000057e+02,5.000000000000000000e-01,0.000000000000000000e+00,1.000000000000000000e+00,2.000000000000000000e+00,1.010840639740000029e+02,1.010840639740000029e+02,2.030000000000000071e+01,7.000000000000000000e+00,5.000000000000000000e+01,-1.000000000000000000e+00,1.765000000000000000e+02,1.830000000000000071e+01,9.050000000000000266e-01,1.433999999999999941e+00,1.000000000000000000e+00,4.139999999999999858e+01,2.910000000000000142e+01,1.150000000000000000e+01,2.780000000000000071e+01,1.161599999999999966e+02,2.000000000000000111e-01,0.000000000000000000e+00,1.000000000000000000e+00,0.000000000000000000e+00,1.160949630110000044e+02,1.160949630110000044e+02,2.360000000000000142e+01,8.000000000000000000e+00,7.840000000000000568e+01,-1.000000000000000000e+00,1.770000000000000000e+02,2.389999999999999858e+01,2.389999999999999858e+01,1.451000000000000068e+00,1.199999999999999956e+00,4.120000000000000284e+01,3.270000000000000284e+01,1.300000000000000000e+01,3.019999999999999929e+01
3.294613538057340030e+00,2.956052030684320001e-02,-3.263949820664989732e-01,1.355531436420770008e+00,4.745111987717999802e-01,1.195783988251919894e+00,8.318238336504289732e-02,1.143728214257949904e+00,-4.676118977299170143e-01,-1.661024410784039951e+00,-1.319045901586690106e-01,-1.505563469797889908e+00,2.041513352260259928e-01,-5.080874261569460204e-01,-9.274896556553899885e-01,2.807027391217660206e-01,7.556699162084500321e-01,7.218406190901349717e-02,7.299999999999999822e-01,1.010999999999999943e+02,-1.000000000000000056e-01,0.000000000000000000e+00,2.000000000000000000e+00,0.000000000000000000e+00,1.010476784659999936e+02,1.010476784659999936e+02,2.950000000000000000e+01,7.000000000000000000e+00,9.170000000000000284e+01,1.500000000000000000e+01,3.113500000000000227e+02,1.130000000000000000e+02,1.169999999999999929e+00,1.453999999999999959e+00,0.000000000000000000e+00,5.039999999999999858e+01,2.380000000000000071e+01,9.500000000000000000e+00,3.500000000000000000e+01,5.907000000000000028e+01,-1.000000000000000000e+00,1.000000000000000000e+00,1.000000000000000000e+00,0.000000000000000000e+00,5.903711378300000234e+01,5.903711378300000234e+01,2.910000000000000142e+01,4.000000000000000000e+00,2.000000000000000000e+01,-4.000000000000000000e+00,1.830000000000000000e+02,1.110000000000000000e+02,1.010999999999999899e+00,1.431999999999999940e+00,8.000000000000000444e-01,4.189999999999999858e+01,1.509999999999999964e+01,6.000000000000000000e+00,2.319999999999999929e+01
3.294613538057340030e+00,2.956052030684320001e-02,-3.263949820664989732e-01,1.355531436420770008e+00,4.745111987717999802e-01,1.195783988251919894e+00,8.318238336504289732e-02,1.143728214257949904e+00,-4.676118977299170143e-01,-1.661024410784039951e+00,-1.319045901586690106e-01,-1.505563469797889908e+00,2.041513352260259928e-01,-5.080874261569460204e-01,-9.274896556553899885e-01,2.807027391217660206e-01,7.556699162084500321e-01,7.218406190901349717e-02,4.699999999999999734e-01,1.010999999999999943e+02,-1.000000000000000056e-01,0.000000000000000000e+00,2.000000000000000000e+00,0.000000000000000000e+00,1.010476784659999936e+02,1.010476784659999936e+02,2.950000000000000000e+01,7.000000000000000000e+00,9.170000000000000284e+01,1.500000000000000000e+01,3.113500000000000227e+02,1.130000000000000000e+02,1.169999999999999929e+00,1.453999999999999959e+00,0.000000000000000000e+00,5.039999999999999858e+01,2.380000000000000071e+01,9.500000000000000000e+00,3.500000000000000000e+01,5.907000000000000028e+01,-1.000000000000000000e+00,1.000000000000000000e+00,1.000000000000000000e+00,0.000000000000000000e+00,5.903711378300000234e+01,5.903711378300000234e+01,2.910000000000000142e+01,4.000000000000000000e+00,2.000000000000000000e+01,-4.000000000000000000e+00,1.830000000000000000e+02,1.110000000000000000e+02,1.010999999999999899e+00,1.431999999999999940e+00,8.000000000000000444e-01,4.189999999999999858e+01,1.509999999999999964e+01,6.000000000000000000e+00,2.319999999999999929e+01
3.294613538057340030e+00,2.956052030684320001e-02,-3.263949820664989732e-01,1.355531436420770008e+00,4.745111987717999802e-01,1.195783988251919894e+00,8.318238336504289732e-02,1.143728214257949904e+00,-4.676118977299170143e-01,-1.661024410784039951e+00,-1.319045901586690106e-01,-1.505563469797889908e+00,2.041513352260259928e-01,-5.080874261569460204e-01,-9.274896556553899885e-01,2.807027391217660206e-01,7.556699162084500321e-01,7.218406190901349717e-02,1.100000000000000006e-01,1.010999999999999943e+02,-1.000000000000000056e-01,0.000000000000000000e+00,2.000000000000000000e+00,0.000000000000000000e+00,1.010476784659999936e+02,1.010476784659999936e+02,2.950000000000000000e+01,7.000000000000000000e+00,9.170000000000000284e+01,1.500000000000000000e+01,3.113500000000000227e+02,1.130000000000000000e+02,1.169999999999999929e+00,1.453999999999999959e+00,0.000000000000000000e+00,5.039999999999999858e+01,2.380000000000000071e+01,9.500000000000000000e+00,3.500000000000000000e+01,5.907000000000000028e+01,-1.000000000000000000e+00,1.000000000000000000e+00,1.000000000000000000e+00,0.000000000000000000e+00,5.903711378300000234e+01,5.903711378300000234e+01,2.910000000000000142e+01,4.000000000000000000e+00,2.000000000000000000e+01,-4.000000000000000000e+00,1.830000000000000000e+02,1.110000000000000000e+02,1.010999999999999899e+00,1.431999999999999940e+00,8.000000000000000444e-01,4.189999999999999858e+01,1.509999999999999964e+01,6.000000000000000000e+00,2.319999999999999929e+01
3.294613538057340030e+00,2.956052030684320001e-02,-3.263949820664989732e-01,1.355531436420770008e+00,4.745111987717999802e-01,1.195783988251919894e+00,8.318238336504289732e-02,1.143728214257949904e+00,-4.676118977299170143e-01,-1.324705803059770037e+00,-1.601064662974019948e+00,6.018324436961870472e-01,-2.514903787083930253e-01,6.964265125505000320e-01,-9.066671834746520275e-02,-1.073444503424390017e+00,-1.948103052732050033e-01,-4.402574710484489784e-01,9.599999999999999645e-01,1.010999999999999943e+02,-1.000000000000000056e-01,0.000000000000000000e+00,2.000000000000000000e+00,0.000000000000000000e+00,1.010476784659999936e+02,1.010476784659999936e+02,2.950000000000000000e+01,7.000000000000000000e+00,9.170000000000000284e+01,1.500000000000000000e+01,3.113500000000000227e+02,1.130000000000000000e+02,1.169999999999999929e+00,1.453999999999999959e+00,0.000000000000000000e+00,5.039999999999999858e+01,2.380000000000000071e+01,9.500000000000000000e+00,3.500000000000000000e+01,1.161599999999999966e+02,2.000000000000000111e-01,0.000000000000000000e+00,1.000000000000000000e+00,0.000000000000000000e+00,1.160949630110000044e+02,1.160949630110000044e+02,2.360000000000000142e+01,8.000000000000000000e+00,7.840000000000000568e+01,-1.000000000000000000e+00,1.770000000000000000e+02,2.389999999999999858e+01,2.389999999999999858e+01,1.451000000000000068e+00,1.199999999999999956e+00,4.120000000000000284e+01,3.270000000000000284e+01,1.300000000000000000e+01,3.019999999999999929e+01
3.294613538057340030e+00,2.956052030684320001e-02,-3.263949820664989732e-01,1.355531436420770008e+00,4.745111987717999802e-01,1.195783988251919894e+00,8.318238336504289732e-02,1.143728214257949904e+00,-4.676118977299170143e-01,-1.324705803059770037e+00,-1.601064662974019948e+00,6.018324436961870472e-01,-2.514903787083930253e-01,6.964265125505000320e-01,-9.066671834746520275e-02,-1.073444503424390017e+00,-1.948103052732050033e-01,-4.402574710484489784e-01,5.600000000000000533e-01,1.010999999999999943e+02,-1.000000000000000056e-01,0.000000000000000000e+00,2.000000000000000000e+00,0.000000000000000000e+00,1.010476784659999936e+02,1.010476784659999936e+02,2.950000000000000000e+01,7.000000000000000000e+00,9.170000000000000284e+01,1.500000000000000000e+01,3.113500000000000227e+02,1.130000000000000000e+02,1.169999999999999929e+00,1.453999999999999959e+00,0.000000000000000000e+00,5.039999999999999858e+01,2.380000000000000071e+01,9.500000000000000000e+00,3.500000000000000000e+01,1.161599999999999966e+02,2.000000000000000111e-01,0.000000000000000000e+00,1.000000000000000000e+00,0.000000000000000000e+00,1.160949630110000044e+02,1.160949630110000044e+02,2.360000000000000142e+01,8.000000000000000000e+00,7.840000000000000568e+01,-1.000000000000000000e+00,1.770000000000000000e+02,2.389999999999999858e+01,2.389999999999999858e+01,1.451000000000000068e+00,1.199999999999999956e+00,4.120000000000000284e+01,3.270000000000000284e+01,1.300000000000000000e+01,3.019999999999999929e+01
3.294613538057340030e+00,2.956052030684320001e-02,-3.263949820664989732e-01,1.355531436420770008e+00,4.745111987717999802e-01,1.195783988251919894e+00,8.318238336504289732e-02,1.143728214257949904e+00,-4.676118977299170143e-01,-1.324705803059770037e+00,-1.601064662974019948e+00,6.018324436961870472e-01,-2.514903787083930253e-01,6.964265125505000320e-01,-9.066671834746520275e-02,-1.073444503424390017e+00,-1.948103052732050033e-01,-4.402574710484489784e-01,1.400000000000000133e-01,1.010999999999999943e+02,-1.000000000000000056e-01,0.000000000000000000e+00,2.000000000000000000e+00,0.000000000000000000e+00,1.010476784659999936e+02,1.010476784659999936e+02,2.950000000000000000e+01,7.000000000000000000e+00,9.170000000000000284e+01,1.500000000000000000e+01,3.113500000000000227e+02,1.130000000000000000e+02,1.169999999999999929e+00,1.453999999999999959e+00,0.000000000000000000e+00,5.039999999999999858e+01,2.380000000000000071e+01,9.500000000000000000e+00,3.500000000000000000e+01,1.161599999999999966e+02,2.000000000000000111e-01,0.000000000000000000e+00,1.000000000000000000e+00,0.000000000000000000e+00,1.160949630110000044e+02,1.160949630110000044e+02,2.360000000000000142e+01,8.000000000000000000e+00,7.840000000000000568e+01,-1.000000000000000000e+00,1.770000000000000000e+02,2.389999999999999858e+01,2.389999999999999858e+01,1.451000000000000068e+00,1.199999999999999956e+00,4.120000000000000284e+01,3.270000000000000284e+01,1.300000000000000000e+01,3.019999999999999929e+01
7.755623085843560416e-01,2.971401284302960022e+00,-1.544847720262420010e+00,1.070048908552029943e+00,2.572716798869900123e-01,-2.791219463064389950e-01,-1.414560245229290025e+00,-6.115376331824430300e-01,4.575656264419349917e-01,3.294613538057340030e+00,2.956052030684320001e-02,-3.263949820664989732e-01,1.355531436420770008e+00,4.745111987717999802e-01,1.195783988251919894e+00,8.318238336504289732e-02,1.143728214257949904e+00,-4.676118977299170143e-01,8.199999999999999512e-01,8.609000000000000341e+01,-5.999999999999999778e-01,0.000000000000000000e+00,2.000000000000000000e+00,0.000000000000000000e+00,8.603677942999999573e+01,8.603677942999999573e+01,2.630000000000000071e+01,6.000000000000000000e+00,6.790000000000000568e+01,-4.500000000000000000e+01,2.045000000000000000e+02,9.829999999999999716e+01,1.120000000000000107e+00,1.435999999999999943e+00,2.999999999999999889e-01,4.400000000000000000e+01,2.019999999999999929e+01,8.000000000000000000e+00,3.539999999999999858e+01,1.010999999999999943e+02,-1.000000000000000056e-01,0.000000000000000000e+00,2.000000000000000000e+00,0.000000000000000000e+00,1.010476784659999936e+02,1.010476784659999936e+02,2.950000000000000000e+01,7.000000000000000000e+00,9.170000000000000284e+01,1.500000000000000000e+01,3.113500000000000227e+02,1.130000000000000000e+02,1.169999999999999929e+00,1.453999999999999959e+00,0.000000000000000000e+00,5.039999999999999858e+01,2.380000000000000071e+01,9.500000000000000000e+00,3.500000000000000000e+01
7.755623085843560416e-01,2.971401284302960022e+00,-1.544847720262420010e+00,1.070048908552029943e+00,2.572716798869900123e-01,-2.791219463064389950e-01,-1.414560245229290025e+00,-6.115376331824430300e-01,4.575656264419349917e-01,3.294613538057340030e+00,2.956052030684320001e-02,-3.263949820664989732e-01,1.355531436420770008e+00,4.745111987717999802e-01,1.195783988251919894e+00,8.318238336504289732e-02,1.143728214257949904e+00,-4.676118977299170143e-01,5.500000000000000444e-01,8.609000000000000341e+01,-5.999999999999999778e-01,0.000000000000000000e+00,2.000000000000000000e+00,0.000000000000000000e+00,8.603677942999999573e+01,8.603677942999999573e+01,2.630000000000000071e+01,6.000000000000000000e+00,6.790000000000000568e+01,-4.500000000000000000e+01,2.045000000000000000e+02,9.829999999999999716e+01,1.120000000000000107e+00,1.435999999999999943e+00,2.999999999999999889e-01,4.400000000000000000e+01,2.019999999999999929e+01,8.000000000000000000e+00,3.539999999999999858e+01,1.010999999999999943e+02,-1.000000000000000056e-01,0.000000000000000000e+00,2.000000000000000000e+00,0.000000000000000000e+00,1.010476784659999936e+02,1.010476784659999936e+02,2.950000000000000000e+01,7.000000000000000000e+00,9.170000000000000284e+01,1.500000000000000000e+01,3.113500000000000227e+02,1.130000000000000000e+02,1.169999999999999929e+00,1.453999999999999959e+00,0.000000000000000000e+00,5.039999999999999858e+01,2.380000000000000071e+01,9.500000000000000000e+00,3.500000000000000000e+01
7.755623085843560416e-01,2.971401284302960022e+00,-1.544847720262420010e+00,1.070048908552029943e+00,2.572716798869900123e-01,-2.791219463064389950e-01,-1.414560245229290025e+00,-6.115376331824430300e-01,4.575656264419349917e-01,3.294613538057340030e+00,2.956052030684320001e-02,-3.263949820664989732e-01,1.355531436420770008e+00,4.745111987717999802e-01,1.195783988251919894e+00,8.318238336504289732e-02,1.143728214257949904e+00,-4.676118977299170143e-01,2.800000000000000266e-01,8.609000000000000341e+01,-5.999999999999999778e-01,0.000000000000000000e+00,2.000000000000000000e+00,0.000000000000000000e+00,8.603677942999999573e+01,8.603677942999999573e+01,2.630000000000000071e+01,6.000000000000000000e+00,6.790000000000000568e+01,-4.500000000000000000e+01,2.045000000000000000e+02,9.829999999999999716e+01,1.120000000000000107e+00,1.435999999999999943e+00,2.999999999999999889e-01,4.400000000000000000e+01,2.019999999999999929e+01,8.000000000000000000e+00,3.539999999999999858e+01,1.010999999999999943e+02,-1.000000000000000056e-01,0.000000000000000000e+00,2.000000000000000000e+00,0.000000000000000000e+00,1.010476784659999936e+02,1.010476784659999936e+02,2.950000000000000000e+01,7.000000000000000000e+00,9.170000000000000284e+01,1.500000000000000000e+01,3.113500000000000227e+02,1.130000000000000000e+02,1.169999999999999929e+00,1.453999999999999959e+00,0.000000000000000000e+00,5.039999999999999858e+01,2.380000000000000071e+01,9.500000000000000000e+00,3.500000000000000000e+01
2.632220583762709953e+00,-1.695548725081819974e+00,1.190243212722700061e+00,-1.205529847978469987e-01,-1.099266214050309998e+00,-9.823829984954850492e-01,-4.155956072695750070e-01,-2.301127857804899923e-01,-3.842676313816950073e-01,-1.543952983828360104e+00,-1.207268231616070109e+00,-4.921516589540119724e-01,-4.234132577804100017e-01,8.970012928876679448e-01,4.013178787794099978e-01,1.657552772919899942e-01,-4.816954090123640175e-01,-5.966746512579970130e-01,7.700000000000000178e-01,1.281699999999999875e+02,-1.000000000000000056e-01,0.000000000000000000e+00,1.000000000000000000e+00,0.000000000000000000e+00,1.280949630110000044e+02,1.280949630110000044e+02,2.360000000000000142e+01,9.000000000000000000e+00,1.120000000000000000e+02,-2.300000000000000000e+01,2.578999999999999773e+02,1.200000000000000000e+02,1.060000000000000053e+00,1.487999999999999989e+00,0.000000000000000000e+00,4.770000000000000284e+01,3.510000000000000142e+01,1.390000000000000036e+01,3.250000000000000000e+01,8.712000000000000455e+01,-8.000000000000000444e-01,0.000000000000000000e+00,1.000000000000000000e+00,0.000000000000000000e+00,8.706841391099999328e+01,8.706841391099999328e+01,2.030000000000000071e+01,6.000000000000000000e+00,5.860000000000000142e+01,-2.000000000000000000e+01,1.650000000000000000e+02,2.110000000000000142e+01,9.370000000000000551e-01,1.437000000000000055e+00,2.000000000000000000e+00,4.029999999999999716e+01,2.430000000000000071e+01,9.599999999999999645e+00,2.539999999999999858e+01
2.632220583762709953e+00,-1.695548725081819974e+00,1.190243212722700061e+00,-1.205529847978469987e-01,-1.099266214050309998e+00,-9.823829984954850492e-01,-4.155956072695750070e-01,-2.301127857804899923e-01,-3.842676313816950073e-01,-1.543952983828360104e+00,-1.207268231616070109e+00,-4.921516589540119724e-01,-4.234132577804100017e-01,8.970012928876679448e-01,4.013178787794099978e-01,1.657552772919899942e-01,-4.816954090123640175e-01,-5.966746512579970130e-01,3.300000000000000155e-01,1.281699999999999875e+02,-1.000000000000000056e-01,0.000000000000000000e+00,1.000000000000000000e+00,0.000000000000000000e+00,1.280949630110000044e+02,1.280949630110000044e+02,2.360000000000000142e+01,9.000000000000000000e+00,1.120000000000000000e+02,-2.300000000000000000e+01,2.578999999999999773e+02,1.200000000000000000e+02,1.060000000000000053e+00,1.487999999999999989e+00,0.000000000000000000e+00,4.770000000000000284e+01,3.510000000000000142e+01,1.390000000000000036e+01,3.250000000000000000e+01,8.712000000000000455e+01,-8.000000000000000444e-01,0.000000000000000000e+00,1.000000000000000000e+00,0.000000000000000000e+00,8.706841391099999328e+01,8.706841391099999328e+01,2.030000000000000071e+01,6.000000000000000000e+00,5.860000000000000142e+01,-2.000000000000000000e+01,1.650000000000000000e+02,2.110000000000000142e+01,9.370000000000000551e-01,1.437000000000000055e+00,2.000000000000000000e+00,4.029999999999999716e+01,2.430000000000000071e+01,9.599999999999999645e+00,2.539999999999999858e+01
2.632220583762709953e+00,-1.695548725081819974e+00,1.190243212722700061e+00,-1.205529847978469987e-01,-1.099266214050309998e+00,-9.823829984954850492e-01,-4.155956072695750070e-01,-2.301127857804899923e-01,-3.842676313816950073e-01,-1.543952983828360104e+00,-1.207268231616070109e+00,-4.921516589540119724e-01,-4.234132577804100017e-01,8.970012928876679448e-01,4.013178787794099978e-01,1.657552772919899942e-01,-4.816954090123640175e-01,-5.966746512579970130e-01,1.100000000000000006e-01,1.281699999999999875e+02,-1.000000000000000056e-01,0.000000000000000000e+00,1.000000000000000000e+00,0.000000000000000000e+00,1.280949630110000044e+02,1.280949630110000044e+02,2.360000000000000142e+01,9.000000000000000000e+00,1.120000000000000000e+02,-2.300000000000000000e+01,2.578999999999999773e+02,1.200000000000000000e+02,1.060000000000000053e+00,1.487999999999999989e+00,0.000000000000000000e+00,4.770000000000000284e+01,3.510000000000000142e+01,1.390000000000000036e+01,3.250000000000000000e+01,8.712000000000000455e+01,-8.000000000000000444e-01,0.000000000000000000e+00,1.000000000000000000e+00,0.000000000000000000e+00,8.706841391099999328e+01,8.706841391099999328e+01,2.030000000000000071e+01,6.000000000000000000e+00,5.860000000000000142e+01,-2.000000000000000000e+01,1.650000000000000000e+02,2.110000000000000142e+01,9.370000000000000551e-01,1.437000000000000055e+00,2.000000000000000000e+00,4.029999999999999716e+01,2.430000000000000071e+01,9.599999999999999645e+00,2.539999999999999858e+01
5.787310437204900015e-01,4.229121381158459592e+00,9.060387249381750552e-01,-2.077302441170350011e+00,1.885548269758199891e-02,-1.434792873617339870e-01,2.043011774731179897e-01,3.511570214568059956e-01,-4.210605152304430221e-01,2.857105320106359869e+00,-1.272999219090420020e+00,9.102913958780970427e-01,-8.946133462400600311e-02,-2.367325139260620104e-01,-4.760814925199409742e-01,-1.339122604635220037e-01,-5.585527304754620004e-02,3.337543275318760050e-01,8.499999999999999778e-01,1.201700000000000017e+02,-8.000000000000000444e-01,0.000000000000000000e+00,2.000000000000000000e+00,0.000000000000000000e+00,1.200245006699999948e+02,1.200245006699999948e+02,4.250000000000000000e+01,7.000000000000000000e+00,1.280000000000000000e+02,2.300000000000000000e+01,2.850000000000000000e+02,1.770000000000000000e+02,1.260999999999999899e+00,1.483999999999999986e+00,0.000000000000000000e+00,5.039999999999999858e+01,2.730000000000000071e+01,1.080000000000000071e+01,3.560000000000000142e+01,1.141500000000000057e+02,-5.000000000000000000e-01,0.000000000000000000e+00,1.000000000000000000e+00,0.000000000000000000e+00,1.140793129470000054e+02,1.140793129470000054e+02,2.360000000000000142e+01,8.000000000000000000e+00,1.010000000000000000e+02,8.000000000000000000e+00,2.250000000000000000e+02,3.389999999999999858e+01,1.054999999999999938e+00,1.471999999999999975e+00,1.000000000000000056e-01,4.570000000000000284e+01,3.050000000000000000e+01,1.209999999999999964e+01,3.360000000000000142e+01
5.787310437204900015e-01,4.229121381158459592e+00,9.060387249381750552e-01,-2.077302441170350011e+00,1.885548269758199891e-02,-1.434792873617339870e-01,2.043011774731179897e-01,3.511570214568059956e-01,-4.210605152304430221e-01,2.857105320106359869e+00,-1.272999219090420020e+00,9.102913958780970427e-01,-8.946133462400600311e-02,-2.367325139260620104e-01,-4.760814925199409742e-01,-1.339122604635220037e-01,-5.585527304754620004e-02,3.337543275318760050e-01,5.799999999999999600e-01,1.201700000000000017e+02,-8.000000000000000444e-01,0.000000000000000000e+00,2.000000000000000000e+00,0.000000000000000000e+00,1.200245006699999948e+02,1.200245006699999948e+02,4.250000000000000000e+01,7.000000000000000000e+00,1.280000000000000000e+02,2.300000000000000000e+01,2.850000000000000000e+02,1.770000000000000000e+02,1.260999999999999899e+00,1.483999999999999986e+00,0.000000000000000000e+00,5.039999999999999858e+01,2.730000000000000071e+01,1.080000000000000071e+01,3.560000000000000142e+01,1.141500000000000057e+02,-5.000000000000000000e-01,0.000000000000000000e+00,1.000000000000000000e+00,0.000000000000000000e+00,1.140793129470000054e+02,1.140793129470000054e+02,2.360000000000000142e+01,8.000000000000000000e+00,1.010000000000000000e+02,8.000000000000000000e+00,2.250000000000000000e+02,3.389999999999999858e+01,1.054999999999999938e+00,1.471999999999999975e+00,1.000000000000000056e-01,4.570000000000000284e+01,3.050000000000000000e+01,1.209999999999999964e+01,3.360000000000000142e+01
5.787310437204900015e-01,4.229121381158459592e+00,9.060387249381750552e-01,-2.077302441170350011e+00,1.885548269758199891e-02,-1.434792873617339870e-01,2.043011774731179897e-01,3.511570214568059956e-01,-4.210605152304430221e-01,2.857105320106359869e+00,-1.272999219090420020e+00,9.102913958780970427e-01,-8.946133462400600311e-02,-2.367325139260620104e-01,-4.760814925199409742e-01,-1.339122604635220037e-01,-5.585527304754620004e-02,3.337543275318760050e-01,2.700000000000000178e-01,1.201700000000000017e+02,-8.000000000000000444e-01,0.000000000000000000e+00,2.000000000000000000e+00,0.000000000000000000e+00,1.200245006699999948e+02,1.200245006699999948e+02,4.250000000000000000e+01,7.000000000000000000e+00,1.280000000000000000e+02,2.300000000000000000e+01,2.850000000000000000e+02,1.770000000000000000e+02,1.260999999999999899e+00,1.483999999999999986e+00,0.000000000000000000e+00,5.039999999999999858e+01,2.730000000000000071e+01,1.080000000000000071e+01,3.560000000000000142e+01,1.141500000000000057e+02,-5.000000000000000000e-01,0.000000000000000000e+00,1.000000000000000000e+00,0.000000000000000000e+00,1.140793129470000054e+02,1.140793129470000054e+02,2.360000000000000142e+01,8.000000000000000000e+00,1.010000000000000000e+02,8.000000000000000000e+00,2.250000000000000000e+02,3.389999999999999858e+01,1.054999999999999938e+00,1.471999999999999975e+00,1.000000000000000056e-01,4.570000000000000284e+01,3.050000000000000000e+01,1.209999999999999964e+01,3.360000000000000142e+01
-2.027814410229260123e+00,-3.724090703060580210e-01,2.173063647892779837e+00,9.031939262463610507e-02,1.002761547910749895e+00,-2.060137278132759958e-03,-1.292818144343499953e-01,5.691958251954190029e-01,1.079366519189340012e+00,2.857105320106359869e+00,-1.272999219090420020e+00,9.102913958780970427e-01,-8.946133462400600311e-02,-2.367325139260620104e-01,-4.760814925199409742e-01,-1.339122604635220037e-01,-5.585527304754620004e-02,3.337543275318760050e-01,6.875000000000000000e-01,1.791999999999999886e+02,2.999999999999999889e-01,0.000000000000000000e+00,4.000000000000000000e+00,3.000000000000000000e+00,1.791187491999999963e+02,1.791187491999999963e+02,2.680000000000000071e+01,1.100000000000000000e+01,1.390000000000000000e+02,6.099999999999999645e+00,2.313000000000000114e+02,1.044000000000000057e+02,1.030000000000000027e+00,1.457999999999999963e+00,1.000000000000000056e-01,4.700000000000000000e+01,4.789999999999999858e+01,1.900000000000000000e+01,3.439999999999999858e+01,1.141500000000000057e+02,-5.000000000000000000e-01,0.000000000000000000e+00,1.000000000000000000e+00,0.000000000000000000e+00,1.140793129470000054e+02,1.140793129470000054e+02,2.360000000000000142e+01,8.000000000000000000e+00,1.010000000000000000e+02,8.000000000000000000e+00,2.250000000000000000e+02,3.389999999999999858e+01,1.054999999999999938e+00,1.471999999999999975e+00,1.000000000000000056e-01,4.570000000000000284e+01,3.050000000000000000e+01,1.209999999999999964e+01,3.360000000000000142e+01
-2.027814410229260123e+00,-3.724090703060580210e-01,2.173063647892779837e+00,9.031939262463610507e-02,1.002761547910749895e+00,-2.060137278132759958e-03,-1.292818144343499953e-01,5.691958251954190029e-01,1.079366519189340012e+00,2.857105320106359869e+00,-1.272999219090420020e+00,9.102913958780970427e-01,-8.946133462400600311e-02,-2.367325139260620104e-01,-4.760814925199409742e-01,-1.339122604635220037e-01,-5.585527304754620004e-02,3.337543275318760050e-01,6.300000000000000044e-01,1.791999999999999886e+02,2.999999999999999889e-01,0.000000000000000000e+00,4.000000000000000000e+00,3.000000000000000000e+00,1.791187491999999963e+02,1.791187491999999963e+02,2.680000000000000071e+01,1.100000000000000000e+01,1.390000000000000000e+02,6.099999999999999645e+00,2.313000000000000114e+02,1.044000000000000057e+02,1.030000000000000027e+00,1.457999999999999963e+00,1.000000000000000056e-01,4.700000000000000000e+01,4.789999999999999858e+01,1.900000000000000000e+01,3.439999999999999858e+01,1.141500000000000057e+02,-5.000000000000000000e-01,0.000000000000000000e+00,1.000000000000000000e+00,0.000000000000000000e+00,1.140793129470000054e+02,1.140793129470000054e+02,2.360000000000000142e+01,8.000000000000000000e+00,1.010000000000000000e+02,8.000000000000000000e+00,2.250000000000000000e+02,3.389999999999999858e+01,1.054999999999999938e+00,1.471999999999999975e+00,1.000000000000000056e-01,4.570000000000000284e+01,3.050000000000000000e+01,1.209999999999999964e+01,3.360000000000000142e+01
-2.027814410229260123e+00,-3.724090703060580210e-01,2.173063647892779837e+00,9.031939262463610507e-02,1.002761547910749895e+00,-2.060137278132759958e-03,-1.292818144343499953e-01,5.691958251954190029e-01,1.079366519189340012e+00,2.857105320106359869e+00,-1.272999219090420020e+00,9.102913958780970427e-01,-8.946133462400600311e-02,-2.367325139260620104e-01,-4.760814925199409742e-01,-1.339122604635220037e-01,-5.585527304754620004e-02,3.337543275318760050e-01,1.799999999999999933e-01,1.791999999999999886e+02,2.999999999999999889e-01,0.000000000000000000e+00,4.000000000000000000e+00,3.000000000000000000e+00,1.791187491999999963e+02,1.791187491999999963e+02,2.680000000000000071e+01,1.100000000000000000e+01,1.390000000000000000e+02,6.099999999999999645e+00,2.313000000000000114e+02,1.044000000000000057e+02,1.030000000000000027e+00,1.457999999999999963e+00,1.000000000000000056e-01,4.700000000000000000e+01,4.789999999999999858e+01,1.900000000000000000e+01,3.439999999999999858e+01,1.141500000000000057e+02,-5.000000000000000000e-01,0.000000000000000000e+00,1.000000000000000000e+00,0.000000000000000000e+00,1.140793129470000054e+02,1.140793129470000054e+02,2.360000000000000142e+01,8.000000000000000000e+00,1.010000000000000000e+02,8.000000000000000000e+00,2.250000000000000000e+02,3.389999999999999858e+01,1.054999999999999938e+00,1.471999999999999975e+00,1.000000000000000056e-01,4.570000000000000284e+01,3.050000000000000000e+01,1.209999999999999964e+01,3.360000000000000142e+01
2.632220583762709953e+00,-1.695548725081819974e+00,1.190243212722700061e+00,-1.205529847978469987e-01,-1.099266214050309998e+00,-9.823829984954850492e-01,-4.155956072695750070e-01,-2.301127857804899923e-01,-3.842676313816950073e-01,-1.324705803059770037e+00,-1.601064662974019948e+00,6.018324436961870472e-01,-2.514903787083930253e-01,6.964265125505000320e-01,-9.066671834746520275e-02,-1.073444503424390017e+00,-1.948103052732050033e-01,-4.402574710484489784e-01,8.499999999999999778e-01,1.281699999999999875e+02,-1.000000000000000056e-01,0.000000000000000000e+00,1.000000000000000000e+00,0.000000000000000000e+00,1.280949630110000044e+02,1.280949630110000044e+02,2.360000000000000142e+01,9.000000000000000000e+00,1.120000000000000000e+02,-2.300000000000000000e+01,2.578999999999999773e+02,1.200000000000000000e+02,1.060000000000000053e+00,1.487999999999999989e+00,0.000000000000000000e+00,4.770000000000000284e+01,3.510000000000000142e+01,1.390000000000000036e+01,3.250000000000000000e+01,1.161599999999999966e+02,2.000000000000000111e-01,0.000000000000000000e+00,1.000000000000000000e+00,0.000000000000000000e+00,1.160949630110000044e+02,1.160949630110000044e+02,2.360000000000000142e+01,8.000000000000000000e+00,7.840000000000000568e+01,-1.000000000000000000e+00,1.770000000000000000e+02,2.389999999999999858e+01,2.389999999999999858e+01,1.451000000000000068e+00,1.199999999999999956e+00,4.120000000000000284e+01,3.270000000000000284e+01,1.300000000000000000e+01,3.019999999999999929e+01
2.632220583762709953e+00,-1.695548725081819974e+00,1.190243212722700061e+00,-1.205529847978469987e-01,-1.099266214050309998e+00,-9.823829984954850492e-01,-4.155956072695750070e-01,-2.301127857804899923e-01,-3.842676313816950073e-01,-1.324705803059770037e+00,-1.601064662974019948e+00,6.018324436961870472e-01,-2.514903787083930253e-01,6.964265125505000320e-01,-9.066671834746520275e-02,-1.073444503424390017e+00,-1.948103052732050033e-01,-4.402574710484489784e-01,5.799999999999999600e-01,1.281699999999999875e+02,-1.000000000000000056e-01,0.000000000000000000e+00,1.000000000000000000e+00,0.000000000000000000e+00,1.280949630110000044e+02,1.280949630110000044e+02,2.360000000000000142e+01,9.000000000000000000e+00,1.120000000000000000e+02,-2.300000000000000000e+01,2.578999999999999773e+02,1.200000000000000000e+02,1.060000000000000053e+00,1.487999999999999989e+00,0.000000000000000000e+00,4.770000000000000284e+01,3.510000000000000142e+01,1.390000000000000036e+01,3.250000000000000000e+01,1.161599999999999966e+02,2.000000000000000111e-01,0.000000000000000000e+00,1.000000000000000000e+00,0.000000000000000000e+00,1.160949630110000044e+02,1.160949630110000044e+02,2.360000000000000142e+01,8.000000000000000000e+00,7.840000000000000568e+01,-1.000000000000000000e+00,1.770000000000000000e+02,2.389999999999999858e+01,2.389999999999999858e+01,1.451000000000000068e+00,1.199999999999999956e+00,4.120000000000000284e+01,3.270000000000000284e+01,1.300000000000000000e+01,3.019999999999999929e+01
2.632220583762709953e+00,-1.695548725081819974e+00,1.190243212722700061e+00,-1.205529847978469987e-01,-1.099266214050309998e+00,-9.823829984954850492e-01,-4.155956072695750070e-01,-2.301127857804899923e-01,-3.842676313816950073e-01,-1.324705803059770037e+00,-1.601064662974019948e+00,6.018324436961870472e-01,-2.514903787083930253e-01,6.964265125505000320e-01,-9.066671834746520275e-02,-1.073444503424390017e+00,-1.948103052732050033e-01,-4.402574710484489784e-01,2.399999999999999911e-01,1.281699999999999875e+02,-1.000000000000000056e-01,0.000000000000000000e+00,1.000000000000000000e+00,0.000000000000000000e+00,1.280949630110000044e+02,1.280949630110000044e+02,2.360000000000000142e+01,9.000000000000000000e+00,1.120000000000000000e+02,-2.300000000000000000e+01,2.578999999999999773e+02,1.200000000000000000e+02,1.060000000000000053e+00,1.487999999999999989e+00,0.000000000000000000e+00,4.770000000000000284e+01,3.510000000000000142e+01,1.390000000000000036e+01,3.250000000000000000e+01,1.161599999999999966e+02,2.000000000000000111e-01,0.000000000000000000e+00,1.000000000000000000e+00,0.000000000000000000e+00,1.160949630110000044e+02,1.160949630110000044e+02,2.360000000000000142e+01,8.000000000000000000e+00,7.840000000000000568e+01,-1.000000000000000000e+00,1.770000000000000000e+02,2.389999999999999858e+01,2.389999999999999858e+01,1.451000000000000068e+00,1.199999999999999956e+00,4.120000000000000284e+01,3.270000000000000284e+01,1.300000000000000000e+01,3.019999999999999929e+01
7.755623085843560416e-01,2.971401284302960022e+00,-1.544847720262420010e+00,1.070048908552029943e+00,2.572716798869900123e-01,-2.791219463064389950e-01,-1.414560245229290025e+00,-6.115376331824430300e-01,4.575656264419349917e-01,-1.324705803059770037e+00,-1.601064662974019948e+00,6.018324436961870472e-01,-2.514903787083930253e-01,6.964265125505000320e-01,-9.066671834746520275e-02,-1.073444503424390017e+00,-1.948103052732050033e-01,-4.402574710484489784e-01,5.799999999999999600e-01,8.609000000000000341e+01,-5.999999999999999778e-01,0.000000000000000000e+00,2.000000000000000000e+00,0.000000000000000000e+00,8.603677942999999573e+01,8.603677942999999573e+01,2.630000000000000071e+01,6.000000000000000000e+00,6.790000000000000568e+01,-4.500000000000000000e+01,2.045000000000000000e+02,9.829999999999999716e+01,1.120000000000000107e+00,1.435999999999999943e+00,2.999999999999999889e-01,4.400000000000000000e+01,2.019999999999999929e+01,8.000000000000000000e+00,3.539999999999999858e+01,1.161599999999999966e+02,2.000000000000000111e-01,0.000000000000000000e+00,1.000000000000000000e+00,0.000000000000000000e+00,1.160949630110000044e+02,1.160949630110000044e+02,2.360000000000000142e+01,8.000000000000000000e+00,7.840000000000000568e+01,-1.000000000000000000e+00,1.770000000000000000e+02,2.389999999999999858e+01,2.389999999999999858e+01,1.451000000000000068e+00,1.199999999999999956e+00,4.120000000000000284e+01,3.270000000000000284e+01,1.300000000000000000e+01,3.019999999999999929e+01
7.755623085843560416e-01,2.971401284302960022e+00,-1.544847720262420010e+00,1.070048908552029943e+00,2.572716798869900123e-01,-2.791219463064389950e-01,-1.414560245229290025e+00,-6.115376331824430300e-01,4.575656264419349917e-01,-1.324705803059770037e+00,-1.601064662974019948e+00,6.018324436961870472e-01,-2.514903787083930253e-01,6.964265125505000320e-01,-9.066671834746520275e-02,-1.073444503424390017e+00,-1.948103052732050033e-01,-4.402574710484489784e-01,2.399999999999999911e-01,8.609000000000000341e+01,-5.999999999999999778e-01,0.000000000000000000e+00,2.000000000000000000e+00,0.000000000000000000e+00,8.603677942999999573e+01,8.603677942999999573e+01,2.630000000000000071e+01,6.000000000000000000e+00,6.790000000000000568e+01,-4.500000000000000000e+01,2.045000000000000000e+02,9.829999999999999716e+01,1.120000000000000107e+00,1.435999999999999943e+00,2.999999999999999889e-01,4.400000000000000000e+01,2.019999999999999929e+01,8.000000000000000000e+00,3.539999999999999858e+01,1.161599999999999966e+02,2.000000000000000111e-01,0.000000000000000000e+00,1.000000000000000000e+00,0.000000000000000000e+00,1.160949630110000044e+02,1.160949630110000044e+02,2.360000000000000142e+01,8.000000000000000000e+00,7.840000000000000568e+01,-1.000000000000000000e+00,1.770000000000000000e+02,2.389999999999999858e+01,2.389999999999999858e+01,1.451000000000000068e+00,1.199999999999999956e+00,4.120000000000000284e+01,3.270000000000000284e+01,1.300000000000000000e+01,3.019999999999999929e+01
7.755623085843560416e-01,2.971401284302960022e+00,-1.544847720262420010e+00,1.070048908552029943e+00,2.572716798869900123e-01,-2.791219463064389950e-01,-1.414560245229290025e+00,-6.115376331824430300e-01,4.575656264419349917e-01,-1.324705803059770037e+00,-1.601064662974019948e+00,6.018324436961870472e-01,-2.514903787083930253e-01,6.964265125505000320e-01,-9.066671834746520275e-02,-1.073444503424390017e+00,-1.948103052732050033e-01,-4.402574710484489784e-01,1.100000000000000006e-01,8.609000000000000341e+01,-5.999999999999999778e-01,0.000000000000000000e+00,2.000000000000000000e+00,0.000000000000000000e+00,8.603677942999999573e+01,8.603677942999999573e+01,2.630000000000000071e+01,6.000000000000000000e+00,6.790000000000000568e+01,-4.500000000000000000e+01,2.045000000000000000e+02,9.829999999999999716e+01,1.120000000000000107e+00,1.435999999999999943e+00,2.999999999999999889e-01,4.400000000000000000e+01,2.019999999999999929e+01,8.000000000000000000e+00,3.539999999999999858e+01,1.161599999999999966e+02,2.000000000000000111e-01,0.000000000000000000e+00,1.000000000000000000e+00,0.000000000000000000e+00,1.160949630110000044e+02,1.160949630110000044e+02,2.360000000000000142e+01,8.000000000000000000e+00,7.840000000000000568e+01,-1.000000000000000000e+00,1.770000000000000000e+02,2.389999999999999858e+01,2.389999999999999858e+01,1.451000000000000068e+00,1.199999999999999956e+00,4.120000000000000284e+01,3.270000000000000284e+01,1.300000000000000000e+01,3.019999999999999929e+01
2.632220583762709953e+00,-1.695548725081819974e+00,1.190243212722700061e+00,-1.205529847978469987e-01,-1.099266214050309998e+00,-9.823829984954850492e-01,-4.155956072695750070e-01,-2.301127857804899923e-01,-3.842676313816950073e-01,-1.487340390334080054e+00,-9.454155939245559859e-01,-6.607858535541629719e-01,-5.245103684307259595e-01,1.750941091817239947e-01,5.549006702858839679e-01,-2.091723004801110120e-01,-1.867344799606479866e-01,-4.934019757307580023e-01,9.799999999999999822e-01,1.281699999999999875e+02,-1.000000000000000056e-01,0.000000000000000000e+00,1.000000000000000000e+00,0.000000000000000000e+00,1.280949630110000044e+02,1.280949630110000044e+02,2.360000000000000142e+01,9.000000000000000000e+00,1.120000000000000000e+02,-2.300000000000000000e+01,2.578999999999999773e+02,1.200000000000000000e+02,1.060000000000000053e+00,1.487999999999999989e+00,0.000000000000000000e+00,4.770000000000000284e+01,3.510000000000000142e+01,1.390000000000000036e+01,3.250000000000000000e+01,7.309000000000000341e+01,-1.000000000000000000e+00,0.000000000000000000e+00,1.000000000000000000e+00,0.000000000000000000e+00,7.305276384699999426e+01,7.305276384699999426e+01,2.030000000000000071e+01,5.000000000000000000e+00,3.389999999999999858e+01,-6.110000000000000142e+01,1.528000000000000114e+02,1.390000000000000036e+01,9.439999999999999503e-01,1.429999999999999938e+00,3.000000000000000000e+00,3.900000000000000000e+01,1.989999999999999858e+01,7.900000000000000355e+00,2.569999999999999929e+01
2.632220583762709953e+00,-1.695548725081819974e+00,1.190243212722700061e+00,-1.205529847978469987e-01,-1.099266214050309998e+00,-9.823829984954850492e-01,-4.155956072695750070e-01,-2.301127857804899923e-01,-3.842676313816950073e-01,-1.487340390334080054e+00,-9.454155939245559859e-01,-6.607858535541629719e-01,-5.245103684307259595e-01,1.750941091817239947e-01,5.549006702858839679e-01,-2.091723004801110120e-01,-1.867344799606479866e-01,-4.934019757307580023e-01,6.300000000000000044e-01,1.281699999999999875e+02,-1.000000000000000056e-01,0.000000000000000000e+00,1.000000000000000000e+00,0.000000000000000000e+00,1.280949630110000044e+02,1.280949630110000044e+02,2.360000000000000142e+01,9.000000000000000000e+00,1.120000000000000000e+02,-2.300000000000000000e+01,2.578999999999999773e+02,1.200000000000000000e+02,1.060000000000000053e+00,1.487999999999999989e+00,0.000000000000000000e+00,4.770000000000000284e+01,3.510000000000000142e+01,1.390000000000000036e+01,3.250000000000000000e+01,7.309000000000000341e+01,-1.000000000000000000e+00,0.000000000000000000e+00,1.000000000000000000e+00,0.000000000000000000e+00,7.305276384699999426e+01,7.305276384699999426e+01,2.030000000000000071e+01,5.000000000000000000e+00,3.389999999999999858e+01,-6.110000000000000142e+01,1.528000000000000114e+02,1.390000000000000036e+01,9.439999999999999503e-01,1.429999999999999938e+00,3.000000000000000000e+00,3.900000000000000000e+01,1.989999999999999858e+01,7.900000000000000355e+00,2.569999999999999929e+01
2.632220583762709953e+00,-1.695548725081819974e+00,1.190243212722700061e+00,-1.205529847978469987e-01,-1.099266214050309998e+00,-9.823829984954850492e-01,-4.155956072695750070e-01,-2.301127857804899923e-01,-3.842676313816950073e-01,-1.487340390334080054e+00,-9.454155939245559859e-01,-6.607858535541629719e-01,-5.245103684307259595e-01,1.750941091817239947e-01,5.549006702858839679e-01,-2.091723004801110120e-01,-1.867344799606479866e-01,-4.934019757307580023e-01,2.700000000000000178e-01,1.281699999999999875e+02,-1.000000000000000056e-01,0.000000000000000000e+00,1.000000000000000000e+00,0.000000000000000000e+00,1.280949630110000044e+02,1.280949630110000044e+02,2.360000000000000142e+01,9.000000000000000000e+00,1.120000000000000000e+02,-2.300000000000000000e+01,2.578999999999999773e+02,1.200000000000000000e+02,1.060000000000000053e+00,1.487999999999999989e+00,0.000000000000000000e+00,4.770000000000000284e+01,3.510000000000000142e+01,1.390000000000000036e+01,3.250000000000000000e+01,7.309000000000000341e+01,-1.000000000000000000e+00,0.000000000000000000e+00,1.000000000000000000e+00,0.000000000000000000e+00,7.305276384699999426e+01,7.305276384699999426e+01,2.030000000000000071e+01,5.000000000000000000e+00,3.389999999999999858e+01,-6.110000000000000142e+01,1.528000000000000114e+02,1.390000000000000036e+01,9.439999999999999503e-01,1.429999999999999938e+00,3.000000000000000000e+00,3.900000000000000000e+01,1.989999999999999858e+01,7.900000000000000355e+00,2.569999999999999929e+01
-1.661024410784039951e+00,-1.319045901586690106e-01,-1.505563469797889908e+00,2.041513352260259928e-01,-5.080874261569460204e-01,-9.274896556553899885e-01,2.807027391217660206e-01,7.556699162084500321e-01,7.218406190901349717e-02,-1.543952983828360104e+00,-1.207268231616070109e+00,-4.921516589540119724e-01,-4.234132577804100017e-01,8.970012928876679448e-01,4.013178787794099978e-01,1.657552772919899942e-01,-4.816954090123640175e-01,-5.966746512579970130e-01,8.599999999999999867e-01,5.907000000000000028e+01,-1.000000000000000000e+00,1.000000000000000000e+00,1.000000000000000000e+00,0.000000000000000000e+00,5.903711378300000234e+01,5.903711378300000234e+01,2.910000000000000142e+01,4.000000000000000000e+00,2.000000000000000000e+01,-4.000000000000000000e+00,1.830000000000000000e+02,1.110000000000000000e+02,1.010999999999999899e+00,1.431999999999999940e+00,8.000000000000000444e-01,4.189999999999999858e+01,1.509999999999999964e+01,6.000000000000000000e+00,2.319999999999999929e+01,8.712000000000000455e+01,-8.000000000000000444e-01,0.000000000000000000e+00,1.000000000000000000e+00,0.000000000000000000e+00,8.706841391099999328e+01,8.706841391099999328e+01,2.030000000000000071e+01,6.000000000000000000e+00,5.860000000000000142e+01,-2.000000000000000000e+01,1.650000000000000000e+02,2.110000000000000142e+01,9.370000000000000551e-01,1.437000000000000055e+00,2.000000000000000000e+00,4.029999999999999716e+01,2.430000000000000071e+01,9.599999999999999645e+00,2.539999999999999858e+01
-1.661024410784039951e+00,-1.319045901586690106e-01,-1.505563469797889908e+00,2.041513352260259928e-01,-5.080874261569460204e-01,-9.274896556553899885e-01,2.807027391217660206e-01,7.556699162084500321e-01,7.218406190901349717e-02,-1.543952983828360104e+00,-1.207268231616070109e+00,-4.921516589540119724e-01,-4.234132577804100017e-01,8.970012928876679448e-01,4.013178787794099978e-01,1.657552772919899942e-01,-4.816954090123640175e-01,-5.966746512579970130e-01,5.799999999999999600e-01,5.907000000000000028e+01,-1.000000000000000000e+00,1.000000000000000000e+00,1.000000000000000000e+00,0.000000000000000000e+00,5.903711378300000234e+01,5.903711378300000234e+01,2.910000000000000142e+01,4.000000000000000000e+00,2.000000000000000000e+01,-4.000000000000000000e+00,1.830000000000000000e+02,1.110000000000000000e+02,1.010999999999999899e+00,1.431999999999999940e+00,8.000000000000000444e-01,4.189999999999999858e+01,1.509999999999999964e+01,6.000000000000000000e+00,2.319999999999999929e+01,8.712000000000000455e+01,-8.000000000000000444e-01,0.000000000000000000e+00,1.000000000000000000e+00,0.000000000000000000e+00,8.706841391099999328e+01,8.706841391099999328e+01,2.030000000000000071e+01,6.000000000000000000e+00,5.860000000000000142e+01,-2.000000000000000000e+01,1.650000000000000000e+02,2.110000000000000142e+01,9.370000000000000551e-01,1.437000000000000055e+00,2.000000000000000000e+00,4.029999999999999716e+01,2.430000000000000071e+01,9.599999999999999645e+00,2.539999999999999858e+01
-1.661024410784039951e+00,-1.319045901586690106e-01,-1.505563469797889908e+00,2.041513352260259928e-01,-5.080874261569460204e-01,-9.274896556553899885e-01,2.807027391217660206e-01,7.556699162084500321e-01,7.218406190901349717e-02,-1.543952983828360104e+00,-1.207268231616070109e+00,-4.921516589540119724e-01,-4.234132577804100017e-01,8.970012928876679448e-01,4.013178787794099978e-01,1.657552772919899942e-01,-4.816954090123640175e-01,-5.966746512579970130e-01,2.399999999999999911e-01,5.907000000000000028e+01,-1.000000000000000000e+00,1.000000000000000000e+00,1.000000000000000000e+00,0.000000000000000000e+00,5.903711378300000234e+01,5.903711378300000234e+01,2.910000000000000142e+01,4.000000000000000000e+00,2.000000000000000000e+01,-4.000000000000000000e+00,1.830000000000000000e+02,1.110000000000000000e+02,1.010999999999999899e+00,1.431999999999999940e+00,8.000000000000000444e-01,4.189999999999999858e+01,1.509999999999999964e+01,6.000000000000000000e+00,2.319999999999999929e+01,8.712000000000000455e+01,-8.000000000000000444e-01,0.000000000000000000e+00,1.000000000000000000e+00,0.000000000000000000e+00,8.706841391099999328e+01,8.706841391099999328e+01,2.030000000000000071e+01,6.000000000000000000e+00,5.860000000000000142e+01,-2.000000000000000000e+01,1.650000000000000000e+02,2.110000000000000142e+01,9.370000000000000551e-01,1.437000000000000055e+00,2.000000000000000000e+00,4.029999999999999716e+01,2.430000000000000071e+01,9.599999999999999645e+00,2.539999999999999858e+01
-1.324705803059770037e+00,-1.601064662974019948e+00,6.018324436961870472e-01,-2.514903787083930253e-01,6.964265125505000320e-01,-9.066671834746520275e-02,-1.073444503424390017e+00,-1.948103052732050033e-01,-4.402574710484489784e-01,-1.487340390334080054e+00,-9.454155939245559859e-01,-6.607858535541629719e-01,-5.245103684307259595e-01,1.750941091817239947e-01,5.549006702858839679e-01,-2.091723004801110120e-01,-1.867344799606479866e-01,-4.934019757307580023e-01,5.799999999999999600e-01,1.161599999999999966e+02,2.000000000000000111e-01,0.000000000000000000e+00,1.000000000000000000e+00,0.000000000000000000e+00,1.160949630110000044e+02,1.160949630110000044e+02,2.360000000000000142e+01,8.000000000000000000e+00,7.840000000000000568e+01,-1.000000000000000000e+00,1.770000000000000000e+02,2.389999999999999858e+01,2.389999999999999858e+01,1.451000000000000068e+00,1.199999999999999956e+00,4.120000000000000284e+01,3.270000000000000284e+01,1.300000000000000000e+01,3.019999999999999929e+01,7.309000000000000341e+01,-1.000000000000000000e+00,0.000000000000000000e+00,1.000000000000000000e+00,0.000000000000000000e+00,7.305276384699999426e+01,7.305276384699999426e+01,2.030000000000000071e+01,5.000000000000000000e+00,3.389999999999999858e+01,-6.110000000000000142e+01,1.528000000000000114e+02,1.390000000000000036e+01,9.439999999999999503e-01,1.429999999999999938e+00,3.000000000000000000e+00,3.900000000000000000e+01,1.989999999999999858e+01,7.900000000000000355e+00,2.569999999999999929e+01
-1.324705803059770037e+00,-1.601064662974019948e+00,6.018324436961870472e-01,-2.514903787083930253e-01,6.964265125505000320e-01,-9.066671834746520275e-02,-1.073444503424390017e+00,-1.948103052732050033e-01,-4.402574710484489784e-01,-1.487340390334080054e+00,-9.454155939245559859e-01,-6.607858535541629719e-01,-5.245103684307259595e-01,1.750941091817239947e-01,5.549006702858839679e-01,-2.091723004801110120e-01,-1.867344799606479866e-01,-4.934019757307580023e-01,2.399999999999999911e-01,1.161599999999999966e+02,2.000000000000000111e-01,0.000000000000000000e+00,1.000000000000000000e+00,0.000000000000000000e+00,1.160949630110000044e+02,1.160949630110000044e+02,2.360000000000000142e+01,8.000000000000000000e+00,7.840000000000000568e+01,-1.000000000000000000e+00,1.770000000000000000e+02,2.389999999999999858e+01,2.389999999999999858e+01,1.451000000000000068e+00,1.199999999999999956e+00,4.120000000000000284e+01,3.270000000000000284e+01,1.300000000000000000e+01,3.019999999999999929e+01,7.309000000000000341e+01,-1.000000000000000000e+00,0.000000000000000000e+00,1.000000000000000000e+00,0.000000000000000000e+00,7.305276384699999426e+01,7.305276384699999426e+01,2.030000000000000071e+01,5.000000000000000000e+00,3.389999999999999858e+01,-6.110000000000000142e+01,1.528000000000000114e+02,1.390000000000000036e+01,9.439999999999999503e-01,1.429999999999999938e+00,3.000000000000000000e+00,3.900000000000000000e+01,1.989999999999999858e+01,7.900000000000000355e+00,2.569999999999999929e+01
-1.324705803059770037e+00,-1.601064662974019948e+00,6.018324436961870472e-01,-2.514903787083930253e-01,6.964265125505000320e-01,-9.066671834746520275e-02,-1.073444503424390017e+00,-1.948103052732050033e-01,-4.402574710484489784e-01,-1.487340390334080054e+00,-9.454155939245559859e-01,-6.607858535541629719e-01,-5.245103684307259595e-01,1.750941091817239947e-01,5.549006702858839679e-01,-2.091723004801110120e-01,-1.867344799606479866e-01,-4.934019757307580023e-01,1.100000000000000006e-01,1.161599999999999966e+02,2.000000000000000111e-01,0.000000000000000000e+00,1.000000000000000000e+00,0.000000000000000000e+00,1.160949630110000044e+02,1.160949630110000044e+02,2.360000000000000142e+01,8.000000000000000000e+00,7.840000000000000568e+01,-1.000000000000000000e+00,1.770000000000000000e+02,2.389999999999999858e+01,2.389999999999999858e+01,1.451000000000000068e+00,1.199999999999999956e+00,4.120000000000000284e+01,3.270000000000000284e+01,1.300000000000000000e+01,3.019999999999999929e+01,7.309000000000000341e+01,-1.000000000000000000e+00,0.000000000000000000e+00,1.000000000000000000e+00,0.000000000000000000e+00,7.305276384699999426e+01,7.305276384699999426e+01,2.030000000000000071e+01,5.000000000000000000e+00,3.389999999999999858e+01,-6.110000000000000142e+01,1.528000000000000114e+02,1.390000000000000036e+01,9.439999999999999503e-01,1.429999999999999938e+00,3.000000000000000000e+00,3.900000000000000000e+01,1.989999999999999858e+01,7.900000000000000355e+00,2.569999999999999929e+01
2.632220583762709953e+00,-1.695548725081819974e+00,1.190243212722700061e+00,-1.205529847978469987e-01,-1.099266214050309998e+00,-9.823829984954850492e-01,-4.155956072695750070e-01,-2.301127857804899923e-01,-3.842676313816950073e-01,-1.661024410784039951e+00,-1.319045901586690106e-01,-1.505563469797889908e+00,2.041513352260259928e-01,-5.080874261569460204e-01,-9.274896556553899885e-01,2.807027391217660206e-01,7.556699162084500321e-01,7.218406190901349717e-02,6.875000000000000000e-01,1.281699999999999875e+02,-1.000000000000000056e-01,0.000000000000000000e+00,1.000000000000000000e+00,0.000000000000000000e+00,1.280949630110000044e+02,1.280949630110000044e+02,2.360000000000000142e+01,9.000000000000000000e+00,1.120000000000000000e+02,-2.300000000000000000e+01,2.578999999999999773e+02,1.200000000000000000e+02,1.060000000000000053e+00,1.487999999999999989e+00,0.000000000000000000e+00,4.770000000000000284e+01,3.510000000000000142e+01,1.390000000000000036e+01,3.250000000000000000e+01,5.907000000000000028e+01,-1.000000000000000000e+00,1.000000000000000000e+00,1.000000000000000000e+00,0.000000000000000000e+00,5.903711378300000234e+01,5.903711378300000234e+01,2.910000000000000142e+01,4.000000000000000000e+00,2.000000000000000000e+01,-4.000000000000000000e+00,1.830000000000000000e+02,1.110000000000000000e+02,1.010999999999999899e+00,1.431999999999999940e+00,8.000000000000000444e-01,4.189999999999999858e+01,1.509999999999999964e+01,6.000000000000000000e+00,2.319999999999999929e+01
2.632220583762709953e+00,-1.695548725081819974e+00,1.190243212722700061e+00,-1.205529847978469987e-01,-1.099266214050309998e+00,-9.823829984954850492e-01,-4.155956072695750070e-01,-2.301127857804899923e-01,-3.842676313816950073e-01,-1.661024410784039951e+00,-1.319045901586690106e-01,-1.505563469797889908e+00,2.041513352260259928e-01,-5.080874261569460204e-01,-9.274896556553899885e-01,2.807027391217660206e-01,7.556699162084500321e-01,7.218406190901349717e-02,6.300000000000000044e-01,1.281699999999999875e+02,-1.000000000000000056e-01,0.000000000000000000e+00,1.000000000000000000e+00,0.000000000000000000e+00,1.280949630110000044e+02,1.280949630110000044e+02,2.360000000000000142e+01,9.000000000000000000e+00,1.120000000000000000e+02,-2.300000000000000000e+01,2.578999999999999773e+02,1.200000000000000000e+02,1.060000000000000053e+00,1.487999999999999989e+00,0.000000000000000000e+00,4.770000000000000284e+01,3.510000000000000142e+01,1.390000000000000036e+01,3.250000000000000000e+01,5.907000000000000028e+01,-1.000000000000000000e+00,1.000000000000000000e+00,1.000000000000000000e+00,0.000000000000000000e+00,5.903711378300000234e+01,5.903711378300000234e+01,2.910000000000000142e+01,4.000000000000000000e+00,2.000000000000000000e+01,-4.000000000000000000e+00,1.830000000000000000e+02,1.110000000000000000e+02,1.010999999999999899e+00,1.431999999999999940e+00,8.000000000000000444e-01,4.189999999999999858e+01,1.509999999999999964e+01,6.000000000000000000e+00,2.319999999999999929e+01
2.632220583762709953e+00,-1.695548725081819974e+00,1.190243212722700061e+00,-1.205529847978469987e-01,-1.099266214050309998e+00,-9.823829984954850492e-01,-4.155956072695750070e-01,-2.301127857804899923e-01,-3.842676313816950073e-01,-1.661024410784039951e+00,-1.319045901586690106e-01,-1.505563469797889908e+00,2.041513352260259928e-01,-5.080874261569460204e-01,-9.274896556553899885e-01,2.807027391217660206e-01,7.556699162084500321e-01,7.218406190901349717e-02,1.799999999999999933e-01,1.281699999999999875e+02,-1.000000000000000056e-01,0.000000000000000000e+00,1.000000000000000000e+00,0.000000000000000000e+00,1.280949630110000044e+02,1.280949630110000044e+02,2.360000000000000142e+01,9.000000000000000000e+00,1.120000000000000000e+02,-2.300000000000000000e+01,2.578999999999999773e+02,1.200000000000000000e+02,1.060000000000000053e+00,1.487999999999999989e+00,0.000000000000000000e+00,4.770000000000000284e+01,3.510000000000000142e+01,1.390000000000000036e+01,3.250000000000000000e+01,5.907000000000000028e+01,-1.000000000000000000e+00,1.000000000000000000e+00,1.000000000000000000e+00,0.000000000000000000e+00,5.903711378300000234e+01,5.903711378300000234e+01,2.910000000000000142e+01,4.000000000000000000e+00,2.000000000000000000e+01,-4.000000000000000000e+00,1.830000000000000000e+02,1.110000000000000000e+02,1.010999999999999899e+00,1.431999999999999940e+00,8.000000000000000444e-01,4.189999999999999858e+01,1.509999999999999964e+01,6.000000000000000000e+00,2.319999999999999929e+01
-2.358621172389229859e+00,1.625629561926380084e+00,1.666657278756439986e+00,1.881047234778800092e+00,-9.000081045530340385e-01,3.504587024939619933e-01,7.884976769708440525e-01,-5.869230681204710143e-01,-3.368231544991380222e-01,-1.661024410784039951e+00,-1.319045901586690106e-01,-1.505563469797889908e+00,2.041513352260259928e-01,-5.080874261569460204e-01,-9.274896556553899885e-01,2.807027391217660206e-01,7.556699162084500321e-01,7.218406190901349717e-02,2.600000000000000089e-01,1.400699999999999932e+02,-5.000000000000000000e-01,0.000000000000000000e+00,4.000000000000000000e+00,3.000000000000000000e+00,1.400238457600000004e+02,1.400238457600000004e+02,4.479999999999999716e+01,8.000000000000000000e+00,8.240000000000000568e+01,-4.600000000000000000e+01,1.970000000000000000e+02,1.500000000000000000e+02,1.197000000000000064e+00,1.395000000000000018e+00,5.000000000000000000e-01,4.160000000000000142e+01,2.810000000000000142e+01,1.109999999999999964e+01,2.950000000000000000e+01,5.907000000000000028e+01,-1.000000000000000000e+00,1.000000000000000000e+00,1.000000000000000000e+00,0.000000000000000000e+00,5.903711378300000234e+01,5.903711378300000234e+01,2.910000000000000142e+01,4.000000000000000000e+00,2.000000000000000000e+01,-4.000000000000000000e+00,1.830000000000000000e+02,1.110000000000000000e+02,1.010999999999999899e+00,1.431999999999999940e+00,8.000000000000000444e-01,4.189999999999999858e+01,1.509999999999999964e+01,6.000000000000000000e+00,2.319999999999999929e+01
-2.027814410229260123e+00,-3.724090703060580210e-01,2.173063647892779837e+00,9.031939262463610507e-02,1.002761547910749895e+00,-2.060137278132759958e-03,-1.292818144343499953e-01,5.691958251954190029e-01,1.079366519189340012e+00,-1.661024410784039951e+00,-1.319045901586690106e-01,-1.505563469797889908e+00,2.041513352260259928e-01,-5.080874261569460204e-01,-9.274896556553899885e-01,2.807027391217660206e-01,7.556699162084500321e-01,7.218406190901349717e-02,6.600000000000000311e-01,1.791999999999999886e+02,2.999999999999999889e-01,0.000000000000000000e+00,4.000000000000000000e+00,3.000000000000000000e+00,1.791187491999999963e+02,1.791187491999999963e+02,2.680000000000000071e+01,1.100000000000000000e+01,1.390000000000000000e+02,6.099999999999999645e+00,2.313000000000000114e+02,1.044000000000000057e+02,1.030000000000000027e+00,1.457999999999999963e+00,1.000000000000000056e-01,4.700000000000000000e+01,4.789999999999999858e+01,1.900000000000000000e+01,3.439999999999999858e+01,5.907000000000000028e+01,-1.000000000000000000e+00,1.000000000000000000e+00,1.000000000000000000e+00,0.000000000000000000e+00,5.903711378300000234e+01,5.903711378300000234e+01,2.910000000000000142e+01,4.000000000000000000e+00,2.000000000000000000e+01,-4.000000000000000000e+00,1.830000000000000000e+02,1.110000000000000000e+02,1.010999999999999899e+00,1.431999999999999940e+00,8.000000000000000444e-01,4.189999999999999858e+01,1.509999999999999964e+01,6.000000000000000000e+00,2.319999999999999929e+01
-2.027814410229260123e+00,-3.724090703060580210e-01,2.173063647892779837e+00,9.031939262463610507e-02,1.002761547910749895e+00,-2.060137278132759958e-03,-1.292818144343499953e-01,5.691958251954190029e-01,1.079366519189340012e+00,-1.661024410784039951e+00,-1.319045901586690106e-01,-1.505563469797889908e+00,2.041513352260259928e-01,-5.080874261569460204e-01,-9.274896556553899885e-01,2.807027391217660206e-01,7.556699162084500321e-01,7.218406190901349717e-02,4.299999999999999933e-01,1.791999999999999886e+02,2.999999999999999889e-01,0.000000000000000000e+00,4.000000000000000000e+00,3.000000000000000000e+00,1.791187491999999963e+02,1.791187491999999963e+02,2.680000000000000071e+01,1.100000000000000000e+01,1.390000000000000000e+02,6.099999999999999645e+00,2.313000000000000114e+02,1.044000000000000057e+02,1.030000000000000027e+00,1.457999999999999963e+00,1.000000000000000056e-01,4.700000000000000000e+01,4.789999999999999858e+01,1.900000000000000000e+01,3.439999999999999858e+01,5.907000000000000028e+01,-1.000000000000000000e+00,1.000000000000000000e+00,1.000000000000000000e+00,0.000000000000000000e+00,5.903711378300000234e+01,5.903711378300000234e+01,2.910000000000000142e+01,4.000000000000000000e+00,2.000000000000000000e+01,-4.000000000000000000e+00,1.830000000000000000e+02,1.110000000000000000e+02,1.010999999999999899e+00,1.431999999999999940e+00,8.000000000000000444e-01,4.189999999999999858e+01,1.509999999999999964e+01,6.000000000000000000e+00,2.319999999999999929e+01
2.571589545966030066e+00,-2.665846047020080101e-01,-7.422997096699149866e-01,-2.593995485679099766e-01,8.786757514265729485e-01,-1.890125175466019977e-02,1.429694226105689969e+00,-8.783893109328460014e-01,4.772258680512290185e-01,-6.192722324196000550e-01,-8.367567351893979710e-01,-8.012965170199309872e-01,-1.034011413398290058e+00,-1.520440293702560064e+00,1.560139206200839901e+00,-1.812467822169779863e-01,-3.923410287323880058e-02,7.030264422186760509e-01,9.899999999999999911e-01,9.912999999999999545e+01,-5.000000000000000000e-01,0.000000000000000000e+00,1.000000000000000000e+00,0.000000000000000000e+00,9.906841391099999328e+01,9.906841391099999328e+01,2.030000000000000071e+01,7.000000000000000000e+00,9.009999999999999432e+01,-2.400000000000000000e+01,2.020000000000000000e+02,9.100000000000000000e+01,1.028000000000000025e+00,1.467999999999999972e+00,2.999999999999999889e-01,4.379999999999999716e+01,2.689999999999999858e+01,1.059999999999999964e+01,3.379999999999999716e+01,1.011500000000000057e+02,5.000000000000000000e-01,0.000000000000000000e+00,1.000000000000000000e+00,2.000000000000000000e+00,1.010840639740000029e+02,1.010840639740000029e+02,2.030000000000000071e+01,7.000000000000000000e+00,5.000000000000000000e+01,-1.000000000000000000e+00,1.765000000000000000e+02,1.830000000000000071e+01,9.050000000000000266e-01,1.433999999999999941e+00,1.000000000000000000e+00,4.139999999999999858e+01,2.910000000000000142e+01,1.150000000000000000e+01,2.780000000000000071e+01
2.571589545966030066e+00,-2.665846047020080101e-01,-7.422997096699149866e-01,-2.593995485679099766e-01,8.786757514265729485e-01,-1.890125175466019977e-02,1.429694226105689969e+00,-8.783893109328460014e-01,4.772258680512290185e-01,-6.192722324196000550e-01,-8.367567351893979710e-01,-8.012965170199309872e-01,-1.034011413398290058e+00,-1.520440293702560064e+00,1.560139206200839901e+00,-1.812467822169779863e-01,-3.923410287323880058e-02,7.030264422186760509e-01,6.700000000000000400e-01,9.912999999999999545e+01,-5.000000000000000000e-01,0.000000000000000000e+00,1.000000000000000000e+00,0.000000000000000000e+00,9.906841391099999328e+01,9.906841391099999328e+01,2.030000000000000071e+01,7.000000000000000000e+00,9.009999999999999432e+01,-2.400000000000000000e+01,2.020000000000000000e+02,9.100000000000000000e+01,1.028000000000000025e+00,1.467999999999999972e+00,2.999999999999999889e-01,4.379999999999999716e+01,2.689999999999999858e+01,1.059999999999999964e+01,3.379999999999999716e+01,1.011500000000000057e+02,5.000000000000000000e-01,0.000000000000000000e+00,1.000000000000000000e+00,2.000000000000000000e+00,1.010840639740000029e+02,1.010840639740000029e+02,2.030000000000000071e+01,7.000000000000000000e+00,5.000000000000000000e+01,-1.000000000000000000e+00,1.765000000000000000e+02,1.830000000000000071e+01,9.050000000000000266e-01,1.433999999999999941e+00,1.000000000000000000e+00,4.139999999999999858e+01,2.910000000000000142e+01,1.150000000000000000e+01,2.780000000000000071e+01
3.294613538057340030e+00,2.956052030684320001e-02,-3.263949820664989732e-01,1.355531436420770008e+00,4.745111987717999802e-01,1.195783988251919894e+00,8.318238336504289732e-02,1.143728214257949904e+00,-4.676118977299170143e-01,-6.192722324196000550e-01,-8.367567351893979710e-01,-8.012965170199309872e-01,-1.034011413398290058e+00,-1.520440293702560064e+00,1.560139206200839901e+00,-1.812467822169779863e-01,-3.923410287323880058e-02,7.030264422186760509e-01,9.499999999999999556e-01,1.010999999999999943e+02,-1.000000000000000056e-01,0.000000000000000000e+00,2.000000000000000000e+00,0.000000000000000000e+00,1.010476784659999936e+02,1.010476784659999936e+02,2.950000000000000000e+01,7.000000000000000000e+00,9.170000000000000284e+01,1.500000000000000000e+01,3.113500000000000227e+02,1.130000000000000000e+02,1.169999999999999929e+00,1.453999999999999959e+00,0.000000000000000000e+00,5.039999999999999858e+01,2.380000000000000071e+01,9.500000000000000000e+00,3.500000000000000000e+01,1.011500000000000057e+02,5.000000000000000000e-01,0.000000000000000000e+00,1.000000000000000000e+00,2.000000000000000000e+00,1.010840639740000029e+02,1.010840639740000029e+02,2.030000000000000071e+01,7.000000000000000000e+00,5.000000000000000000e+01,-1.000000000000000000e+00,1.765000000000000000e+02,1.830000000000000071e+01,9.050000000000000266e-01,1.433999999999999941e+00,1.000000000000000000e+00,4.139999999999999858e+01,2.910000000000000142e+01,1.150000000000000000e+01,2.780000000000000071e+01
3.294613538057340030e+00,2.956052030684320001e-02,-3.263949820664989732e-01,1.355531436420770008e+00,4.745111987717999802e-01,1.195783988251919894e+00,8.318238336504289732e-02,1.143728214257949904e+00,-4.676118977299170143e-01,-6.192722324196000550e-01,-8.367567351893979710e-01,-8.012965170199309872e-01,-1.034011413398290058e+00,-1.520440293702560064e+00,1.560139206200839901e+00,-1.812467822169779863e-01,-3.923410287323880058e-02,7.030264422186760509e-01,6.300000000000000044e-01,1.010999999999999943e+02,-1.000000000000000056e-01,0.000000000000000000e+00,2.000000000000000000e+00,0.000000000000000000e+00,1.010476784659999936e+02,1.010476784659999936e+02,2.950000000000000000e+01,7.000000000000000000e+00,9.170000000000000284e+01,1.500000000000000000e+01,3.113500000000000227e+02,1.130000000000000000e+02,1.169999999999999929e+00,1.453999999999999959e+00,0.000000000000000000e+00,5.039999999999999858e+01,2.380000000000000071e+01,9.500000000000000000e+00,3.500000000000000000e+01,1.011500000000000057e+02,5.000000000000000000e-01,0.000000000000000000e+00,1.000000000000000000e+00,2.000000000000000000e+00,1.010840639740000029e+02,1.010840639740000029e+02,2.030000000000000071e+01,7.000000000000000000e+00,5.000000000000000000e+01,-1.000000000000000000e+00,1.765000000000000000e+02,1.830000000000000071e+01,9.050000000000000266e-01,1.433999999999999941e+00,1.000000000000000000e+00,4.139999999999999858e+01,2.910000000000000142e+01,1.150000000000000000e+01,2.780000000000000071e+01
3.294613538057340030e+00,2.956052030684320001e-02,-3.263949820664989732e-01,1.355531436420770008e+00,4.745111987717999802e-01,1.195783988251919894e+00,8.318238336504289732e-02,1.143728214257949904e+00,-4.676118977299170143e-01,-6.192722324196000550e-01,-8.367567351893979710e-01,-8.012965170199309872e-01,-1.034011413398290058e+00,-1.520440293702560064e+00,1.560139206200839901e+00,-1.812467822169779863e-01,-3.923410287323880058e-02,7.030264422186760509e-01,1.600000000000000033e-01,1.010999999999999943e+02,-1.000000000000000056e-01,0.000000000000000000e+00,2.000000000000000000e+00,0.000000000000000000e+00,1.010476784659999936e+02,1.010476784659999936e+02,2.950000000000000000e+01,7.000000000000000000e+00,9.170000000000000284e+01,1.500000000000000000e+01,3.113500000000000227e+02,1.130000000000000000e+02,1.169999999999999929e+00,1.453999999999999959e+00,0.000000000000000000e+00,5.039999999999999858e+01,2.380000000000000071e+01,9.500000000000000000e+00,3.500000000000000000e+01,1.011500000000000057e+02,5.000000000000000000e-01,0.000000000000000000e+00,1.000000000000000000e+00,2.000000000000000000e+00,1.010840639740000029e+02,1.010840639740000029e+02,2.030000000000000071e+01,7.000000000000000000e+00,5.000000000000000000e+01,-1.000000000000000000e+00,1.765000000000000000e+02,1.830000000000000071e+01,9.050000000000000266e-01,1.433999999999999941e+00,1.000000000000000000e+00,4.139999999999999858e+01,2.910000000000000142e+01,1.150000000000000000e+01,2.780000000000000071e+01
-1.487340390334080054e+00,-9.454155939245559859e-01,-6.607858535541629719e-01,-5.245103684307259595e-01,1.750941091817239947e-01,5.549006702858839679e-01,-2.091723004801110120e-01,-1.867344799606479866e-01,-4.934019757307580023e-01,-6.192722324196000550e-01,-8.367567351893979710e-01,-8.012965170199309872e-01,-1.034011413398290058e+00,-1.520440293702560064e+00,1.560139206200839901e+00,-1.812467822169779863e-01,-3.923410287323880058e-02,7.030264422186760509e-01,8.299999999999999600e-01,7.309000000000000341e+01,-1.000000000000000000e+00,0.000000000000000000e+00,1.000000000000000000e+00,0.000000000000000000e+00,7.305276384699999426e+01,7.305276384699999426e+01,2.030000000000000071e+01,5.000000000000000000e+00,3.389999999999999858e+01,-6.110000000000000142e+01,1.528000000000000114e+02,1.390000000000000036e+01,9.439999999999999503e-01,1.429999999999999938e+00,3.000000000000000000e+00,3.900000000000000000e+01,1.989999999999999858e+01,7.900000000000000355e+00,2.569999999999999929e+01,1.011500000000000057e+02,5.000000000000000000e-01,0.000000000000000000e+00,1.000000000000000000e+00,2.000000000000000000e+00,1.010840639740000029e+02,1.010840639740000029e+02,2.030000000000000071e+01,7.000000000000000000e+00,5.000000000000000000e+01,-1.000000000000000000e+00,1.765000000000000000e+02,1.830000000000000071e+01,9.050000000000000266e-01,1.433999999999999941e+00,1.000000000000000000e+00,4.139999999999999858e+01,2.910000000000000142e+01,1.150000000000000000e+01,2.780000000000000071e+01
-1.487340390334080054e+00,-9.454155939245559859e-01,-6.607858535541629719e-01,-5.245103684307259595e-01,1.750941091817239947e-01,5.549006702858839679e-01,-2.091723004801110120e-01,-1.867344799606479866e-01,-4.934019757307580023e-01,-6.192722324196000550e-01,-8.367567351893979710e-01,-8.012965170199309872e-01,-1.034011413398290058e+00,-1.520440293702560064e+00,1.560139206200839901e+00,-1.812467822169779863e-01,-3.923410287323880058e-02,7.030264422186760509e-01,5.799999999999999600e-01,7.309000000000000341e+01,-1.000000000000000000e+00,0.000000000000000000e+00,1.000000000000000000e+00,0.000000000000000000e+00,7.305276384699999426e+01,7.305276384699999426e+01,2.030000000000000071e+01,5.000000000000000000e+00,3.389999999999999858e+01,-6.110000000000000142e+01,1.528000000000000114e+02,1.390000000000000036e+01,9.439999999999999503e-01,1.429999999999999938e+00,3.000000000000000000e+00,3.900000000000000000e+01,1.989999999999999858e+01,7.900000000000000355e+00,2.569999999999999929e+01,1.011500000000000057e+02,5.000000000000000000e-01,0.000000000000000000e+00,1.000000000000000000e+00,2.000000000000000000e+00,1.010840639740000029e+02,1.010840639740000029e+02,2.030000000000000071e+01,7.000000000000000000e+00,5.000000000000000000e+01,-1.000000000000000000e+00,1.765000000000000000e+02,1.830000000000000071e+01,9.050000000000000266e-01,1.433999999999999941e+00,1.000000000000000000e+00,4.139999999999999858e+01,2.910000000000000142e+01,1.150000000000000000e+01,2.780000000000000071e+01
-1.487340390334080054e+00,-9.454155939245559859e-01,-6.607858535541629719e-01,-5.245103684307259595e-01,1.750941091817239947e-01,5.549006702858839679e-01,-2.091723004801110120e-01,-1.867344799606479866e-01,-4.934019757307580023e-01,-6.192722324196000550e-01,-8.367567351893979710e-01,-8.012965170199309872e-01,-1.034011413398290058e+00,-1.520440293702560064e+00,1.560139206200839901e+00,-1.812467822169779863e-01,-3.923410287323880058e-02,7.030264422186760509e-01,1.900000000000000022e-01,7.309000000000000341e+01,-1.000000000000000000e+00,0.000000000000000000e+00,1.000000000000000000e+00,0.000000000000000000e+00,7.305276384699999426e+01,7.305276384699999426e+01,2.030000000000000071e+01,5.000000000000000000e+00,3.389999999999999858e+01,-6.110000000000000142e+01,1.528000000000000114e+02,1.390000000000000036e+01,9.439999999999999503e-01,1.429999999999999938e+00,3.000000000000000000e+00,3.900000000000000000e+01,1.989999999999999858e+01,7.900000000000000355e+00,2.569999999999999929e+01,1.011500000000000057e+02,5.000000000000000000e-01,0.000000000000000000e+00,1.000000000000000000e+00,2.000000000000000000e+00,1.010840639740000029e+02,1.010840639740000029e+02,2.030000000000000071e+01,7.000000000000000000e+00,5.000000000000000000e+01,-1.000000000000000000e+00,1.765000000000000000e+02,1.830000000000000071e+01,9.050000000000000266e-01,1.433999999999999941e+00,1.000000000000000000e+00,4.139999999999999858e+01,2.910000000000000142e+01,1.150000000000000000e+01,2.780000000000000071e+01
-1.543952983828360104e+00,-1.207268231616070109e+00,-4.921516589540119724e-01,-4.234132577804100017e-01,8.970012928876679448e-01,4.013178787794099978e-01,1.657552772919899942e-01,-4.816954090123640175e-01,-5.966746512579970130e-01,-6.192722324196000550e-01,-8.367567351893979710e-01,-8.012965170199309872e-01,-1.034011413398290058e+00,-1.520440293702560064e+00,1.560139206200839901e+00,-1.812467822169779863e-01,-3.923410287323880058e-02,7.030264422186760509e-01,8.800000000000000044e-01,8.712000000000000455e+01,-8.000000000000000444e-01,0.000000000000000000e+00,1.000000000000000000e+00,0.000000000000000000e+00,8.706841391099999328e+01,8.706841391099999328e+01,2.030000000000000071e+01,6.000000000000000000e+00,5.860000000000000142e+01,-2.000000000000000000e+01,1.650000000000000000e+02,2.110000000000000142e+01,9.370000000000000551e-01,1.437000000000000055e+00,2.000000000000000000e+00,4.029999999999999716e+01,2.430000000000000071e+01,9.599999999999999645e+00,2.539999999999999858e+01,1.011500000000000057e+02,5.000000000000000000e-01,0.000000000000000000e+00,1.000000000000000000e+00,2.000000000000000000e+00,1.010840639740000029e+02,1.010840639740000029e+02,2.030000000000000071e+01,7.000000000000000000e+00,5.000000000000000000e+01,-1.000000000000000000e+00,1.765000000000000000e+02,1.830000000000000071e+01,9.050000000000000266e-01,1.433999999999999941e+00,1.000000000000000000e+00,4.139999999999999858e+01,2.910000000000000142e+01,1.150000000000000000e+01,2.780000000000000071e+01
-1.543952983828360104e+00,-1.207268231616070109e+00,-4.921516589540119724e-01,-4.234132577804100017e-01,8.970012928876679448e-01,4.013178787794099978e-01,1.657552772919899942e-01,-4.816954090123640175e-01,-5.966746512579970130e-01,-6.192722324196000550e-01,-8.367567351893979710e-01,-8.012965170199309872e-01,-1.034011413398290058e+00,-1.520440293702560064e+00,1.560139206200839901e+00,-1.812467822169779863e-01,-3.923410287323880058e-02,7.030264422186760509e-01,6.300000000000000044e-01,8.712000000000000455e+01,-8.000000000000000444e-01,0.000000000000000000e+00,1.000000000000000000e+00,0.000000000000000000e+00,8.706841391099999328e+01,8.706841391099999328e+01,2.030000000000000071e+01,6.000000000000000000e+00,5.860000000000000142e+01,-2.000000000000000000e+01,1.650000000000000000e+02,2.110000000000000142e+01,9.370000000000000551e-01,1.437000000000000055e+00,2.000000000000000000e+00,4.029999999999999716e+01,2.430000000000000071e+01,9.599999999999999645e+00,2.539999999999999858e+01,1.011500000000000057e+02,5.000000000000000000e-01,0.000000000000000000e+00,1.000000000000000000e+00,2.000000000000000000e+00,1.010840639740000029e+02,1.010840639740000029e+02,2.030000000000000071e+01,7.000000000000000000e+00,5.000000000000000000e+01,-1.000000000000000000e+00,1.765000000000000000e+02,1.830000000000000071e+01,9.050000000000000266e-01,1.433999999999999941e+00,1.000000000000000000e+00,4.139999999999999858e+01,2.910000000000000142e+01,1.150000000000000000e+01,2.780000000000000071e+01
-1.543952983828360104e+00,-1.207268231616070109e+00,-4.921516589540119724e-01,-4.234132577804100017e-01,8.970012928876679448e-01,4.013178787794099978e-01,1.657552772919899942e-01,-4.816954090123640175e-01,-5.966746512579970130e-01,-6.192722324196000550e-01,-8.367567351893979710e-01,-8.012965170199309872e-01,-1.034011413398290058e+00,-1.520440293702560064e+00,1.560139206200839901e+00,-1.812467822169779863e-01,-3.923410287323880058e-02,7.030264422186760509e-01,3.599999999999999867e-01,8.712000000000000455e+01,-8.000000000000000444e-01,0.000000000000000000e+00,1.000000000000000000e+00,0.000000000000000000e+00,8.706841391099999328e+01,8.706841391099999328e+01,2.030000000000000071e+01,6.000000000000000000e+00,5.860000000000000142e+01,-2.000000000000000000e+01,1.650000000000000000e+02,2.110000000000000142e+01,9.370000000000000551e-01,1.437000000000000055e+00,2.000000000000000000e+00,4.029999999999999716e+01,2.430000000000000071e+01,9.599999999999999645e+00,2.539999999999999858e+01,1.011500000000000057e+02,5.000000000000000000e-01,0.000000000000000000e+00,1.000000000000000000e+00,2.000000000000000000e+00,1.010840639740000029e+02,1.010840639740000029e+02,2.030000000000000071e+01,7.000000000000000000e+00,5.000000000000000000e+01,-1.000000000000000000e+00,1.765000000000000000e+02,1.830000000000000071e+01,9.050000000000000266e-01,1.433999999999999941e+00,1.000000000000000000e+00,4.139999999999999858e+01,2.910000000000000142e+01,1.150000000000000000e+01,2.780000000000000071e+01
-1.687090937152939896e+00,-5.257613146516330049e-01,-1.374786792559550053e+00,1.790434198756669926e-01,-1.360630229246780065e-01,-1.142416958292769902e+00,6.050800331897659978e-01,4.455413910646319753e-01,1.697445153632269957e-02,-6.192722324196000550e-01,-8.367567351893979710e-01,-8.012965170199309872e-01,-1.034011413398290058e+00,-1.520440293702560064e+00,1.560139206200839901e+00,-1.812467822169779863e-01,-3.923410287323880058e-02,7.030264422186760509e-01,7.700000000000000178e-01,7.309000000000000341e+01,-1.100000000000000089e+00,1.000000000000000000e+00,1.000000000000000000e+00,0.000000000000000000e+00,7.305276384699999426e+01,7.305276384699999426e+01,2.910000000000000142e+01,5.000000000000000000e+00,4.220000000000000284e+01,2.700000000000000000e+01,2.050000000000000000e+02,1.082999999999999972e+02,9.569999999999999618e-01,1.433000000000000052e+00,2.000000000000000111e-01,4.420000000000000284e+01,1.960000000000000142e+01,7.799999999999999822e+00,2.330000000000000071e+01,1.011500000000000057e+02,5.000000000000000000e-01,0.000000000000000000e+00,1.000000000000000000e+00,2.000000000000000000e+00,1.010840639740000029e+02,1.010840639740000029e+02,2.030000000000000071e+01,7.000000000000000000e+00,5.000000000000000000e+01,-1.000000000000000000e+00,1.765000000000000000e+02,1.830000000000000071e+01,9.050000000000000266e-01,1.433999999999999941e+00,1.000000000000000000e+00,4.139999999999999858e+01,2.910000000000000142e+01,1.150000000000000000e+01,2.780000000000000071e+01
-1.687090937152939896e+00,-5.257613146516330049e-01,-1.374786792559550053e+00,1.790434198756669926e-01,-1.360630229246780065e-01,-1.142416958292769902e+00,6.050800331897659978e-01,4.455413910646319753e-01,1.697445153632269957e-02,-6.192722324196000550e-01,-8.367567351893979710e-01,-8.012965170199309872e-01,-1.034011413398290058e+00,-1.520440293702560064e+00,1.560139206200839901e+00,-1.812467822169779863e-01,-3.923410287323880058e-02,7.030264422186760509e-01,4.400000000000000022e-01,7.309000000000000341e+01,-1.100000000000000089e+00,1.000000000000000000e+00,1.000000000000000000e+00,0.000000000000000000e+00,7.305276384699999426e+01,7.305276384699999426e+01,2.910000000000000142e+01,5.000000000000000000e+00,4.220000000000000284e+01,2.700000000000000000e+01,2.050000000000000000e+02,1.082999999999999972e+02,9.569999999999999618e-01,1.433000000000000052e+00,2.000000000000000111e-01,4.420000000000000284e+01,1.960000000000000142e+01,7.799999999999999822e+00,2.330000000000000071e+01,1.011500000000000057e+02,5.000000000000000000e-01,0.000000000000000000e+00,1.000000000000000000e+00,2.000000000000000000e+00,1.010840639740000029e+02,1.010840639740000029e+02,2.030000000000000071e+01,7.000000000000000000e+00,5.000000000000000000e+01,-1.000000000000000000e+00,1.765000000000000000e+02,1.830000000000000071e+01,9.050000000000000266e-01,1.433999999999999941e+00,1.000000000000000000e+00,4.139999999999999858e+01,2.910000000000000142e+01,1.150000000000000000e+01,2.780000000000000071e+01
-1.687090937152939896e+00,-5.257613146516330049e-01,-1.374786792559550053e+00,1.790434198756669926e-01,-1.360630229246780065e-01,-1.142416958292769902e+00,6.050800331897659978e-01,4.455413910646319753e-01,1.697445153632269957e-02,-6.192722324196000550e-01,-8.367567351893979710e-01,-8.012965170199309872e-01,-1.034011413398290058e+00,-1.520440293702560064e+00,1.560139206200839901e+00,-1.812467822169779863e-01,-3.923410287323880058e-02,7.030264422186760509e-01,1.100000000000000006e-01,7.309000000000000341e+01,-1.100000000000000089e+00,1.000000000000000000e+00,1.000000000000000000e+00,0.000000000000000000e+00,7.305276384699999426e+01,7.305276384699999426e+01,2.910000000000000142e+01,5.000000000000000000e+00,4.220000000000000284e+01,2.700000000000000000e+01,2.050000000000000000e+02,1.082999999999999972e+02,9.569999999999999618e-01,1.433000000000000052e+00,2.000000000000000111e-01,4.420000000000000284e+01,1.960000000000000142e+01,7.799999999999999822e+00,2.330000000000000071e+01,1.011500000000000057e+02,5.000000000000000000e-01,0.000000000000000000e+00,1.000000000000000000e+00,2.000000000000000000e+00,1.010840639740000029e+02,1.010840639740000029e+02,2.030000000000000071e+01,7.000000000000000000e+00,5.000000000000000000e+01,-1.000000000000000000e+00,1.765000000000000000e+02,1.830000000000000071e+01,9.050000000000000266e-01,1.433999999999999941e+00,1.000000000000000000e+00,4.139999999999999858e+01,2.910000000000000142e+01,1.150000000000000000e+01,2.780000000000000071e+01
-1.661024410784039951e+00,-1.319045901586690106e-01,-1.505563469797889908e+00,2.041513352260259928e-01,-5.080874261569460204e-01,-9.274896556553899885e-01,2.807027391217660206e-01,7.556699162084500321e-01,7.218406190901349717e-02,-6.192722324196000550e-01,-8.367567351893979710e-01,-8.012965170199309872e-01,-1.034011413398290058e+00,-1.520440293702560064e+00,1.560139206200839901e+00,-1.812467822169779863e-01,-3.923410287323880058e-02,7.030264422186760509e-01,8.499999999999999778e-01,5.907000000000000028e+01,-1.000000000000000000e+00,1.000000000000000000e+00,1.000000000000000000e+00,0.000000000000000000e+00,5.903711378300000234e+01,5.903711378300000234e+01,2.910000000000000142e+01,4.000000000000000000e+00,2.000000000000000000e+01,-4.000000000000000000e+00,1.830000000000000000e+02,1.110000000000000000e+02,1.010999999999999899e+00,1.431999999999999940e+00,8.000000000000000444e-01,4.189999999999999858e+01,1.509999999999999964e+01,6.000000000000000000e+00,2.319999999999999929e+01,1.011500000000000057e+02,5.000000000000000000e-01,0.000000000000000000e+00,1.000000000000000000e+00,2.000000000000000000e+00,1.010840639740000029e+02,1.010840639740000029e+02,2.030000000000000071e+01,7.000000000000000000e+00,5.000000000000000000e+01,-1.000000000000000000e+00,1.765000000000000000e+02,1.830000000000000071e+01,9.050000000000000266e-01,1.433999999999999941e+00,1.000000000000000000e+00,4.139999999999999858e+01,2.910000000000000142e+01,1.150000000000000000e+01,2.780000000000000071e+01
-1.661024410784039951e+00,-1.319045901586690106e-01,-1.505563469797889908e+00,2.041513352260259928e-01,-5.080874261569460204e-01,-9.274896556553899885e-01,2.807027391217660206e-01,7.556699162084500321e-01,7.218406190901349717e-02,-6.192722324196000550e-01,-8.367567351893979710e-01,-8.012965170199309872e-01,-1.034011413398290058e+00,-1.520440293702560064e+00,1.560139206200839901e+00,-1.812467822169779863e-01,-3.923410287323880058e-02,7.030264422186760509e-01,5.799999999999999600e-01,5.907000000000000028e+01,-1.000000000000000000e+00,1.000000000000000000e+00,1.000000000000000000e+00,0.000000000000000000e+00,5.903711378300000234e+01,5.903711378300000234e+01,2.910000000000000142e+01,4.000000000000000000e+00,2.000000000000000000e+01,-4.000000000000000000e+00,1.830000000000000000e+02,1.110000000000000000e+02,1.010999999999999899e+00,1.431999999999999940e+00,8.000000000000000444e-01,4.189999999999999858e+01,1.509999999999999964e+01,6.000000000000000000e+00,2.319999999999999929e+01,1.011500000000000057e+02,5.000000000000000000e-01,0.000000000000000000e+00,1.000000000000000000e+00,2.000000000000000000e+00,1.010840639740000029e+02,1.010840639740000029e+02,2.030000000000000071e+01,7.000000000000000000e+00,5.000000000000000000e+01,-1.000000000000000000e+00,1.765000000000000000e+02,1.830000000000000071e+01,9.050000000000000266e-01,1.433999999999999941e+00,1.000000000000000000e+00,4.139999999999999858e+01,2.910000000000000142e+01,1.150000000000000000e+01,2.780000000000000071e+01
-1.661024410784039951e+00,-1.319045901586690106e-01,-1.505563469797889908e+00,2.041513352260259928e-01,-5.080874261569460204e-01,-9.274896556553899885e-01,2.807027391217660206e-01,7.556699162084500321e-01,7.218406190901349717e-02,-6.192722324196000550e-01,-8.367567351893979710e-01,-8.012965170199309872e-01,-1.034011413398290058e+00,-1.520440293702560064e+00,1.560139206200839901e+00,-1.812467822169779863e-01,-3.923410287323880058e-02,7.030264422186760509e-01,1.300000000000000044e-01,5.907000000000000028e+01,-1.000000000000000000e+00,1.000000000000000000e+00,1.000000000000000000e+00,0.000000000000000000e+00,5.903711378300000234e+01,5.903711378300000234e+01,2.910000000000000142e+01,4.000000000000000000e+00,2.000000000000000000e+01,-4.000000000000000000e+00,1.830000000000000000e+02,1.110000000000000000e+02,1.010999999999999899e+00,1.431999999999999940e+00,8.000000000000000444e-01,4.189999999999999858e+01,1.509999999999999964e+01,6.000000000000000000e+00,2.319999999999999929e+01,1.011500000000000057e+02,5.000000000000000000e-01,0.000000000000000000e+00,1.000000000000000000e+00,2.000000000000000000e+00,1.010840639740000029e+02,1.010840639740000029e+02,2.030000000000000071e+01,7.000000000000000000e+00,5.000000000000000000e+01,-1.000000000000000000e+00,1.765000000000000000e+02,1.830000000000000071e+01,9.050000000000000266e-01,1.433999999999999941e+00,1.000000000000000000e+00,4.139999999999999858e+01,2.910000000000000142e+01,1.150000000000000000e+01,2.780000000000000071e+01
2.857105320106359869e+00,-1.272999219090420020e+00,9.102913958780970427e-01,-8.946133462400600311e-02,-2.367325139260620104e-01,-4.760814925199409742e-01,-1.339122604635220037e-01,-5.585527304754620004e-02,3.337543275318760050e-01,-6.192722324196000550e-01,-8.367567351893979710e-01,-8.012965170199309872e-01,-1.034011413398290058e+00,-1.520440293702560064e+00,1.560139206200839901e+00,-1.812467822169779863e-01,-3.923410287323880058e-02,7.030264422186760509e-01,8.499999999999999778e-01,1.141500000000000057e+02,-5.000000000000000000e-01,0.000000000000000000e+00,1.000000000000000000e+00,0.000000000000000000e+00,1.140793129470000054e+02,1.140793129470000054e+02,2.360000000000000142e+01,8.000000000000000000e+00,1.010000000000000000e+02,8.000000000000000000e+00,2.250000000000000000e+02,3.389999999999999858e+01,1.054999999999999938e+00,1.471999999999999975e+00,1.000000000000000056e-01,4.570000000000000284e+01,3.050000000000000000e+01,1.209999999999999964e+01,3.360000000000000142e+01,1.011500000000000057e+02,5.000000000000000000e-01,0.000000000000000000e+00,1.000000000000000000e+00,2.000000000000000000e+00,1.010840639740000029e+02,1.010840639740000029e+02,2.030000000000000071e+01,7.000000000000000000e+00,5.000000000000000000e+01,-1.000000000000000000e+00,1.765000000000000000e+02,1.830000000000000071e+01,9.050000000000000266e-01,1.433999999999999941e+00,1.000000000000000000e+00,4.139999999999999858e+01,2.910000000000000142e+01,1.150000000000000000e+01,2.780000000000000071e+01
2.857105320106359869e+00,-1.272999219090420020e+00,9.102913958780970427e-01,-8.946133462400600311e-02,-2.367325139260620104e-01,-4.760814925199409742e-01,-1.339122604635220037e-01,-5.585527304754620004e-02,3.337543275318760050e-01,-6.192722324196000550e-01,-8.367567351893979710e-01,-8.012965170199309872e-01,-1.034011413398290058e+00,-1.520440293702560064e+00,1.560139206200839901e+00,-1.812467822169779863e-01,-3.923410287323880058e-02,7.030264422186760509e-01,6.600000000000000311e-01,1.141500000000000057e+02,-5.000000000000000000e-01,0.000000000000000000e+00,1.000000000000000000e+00,0.000000000000000000e+00,1.140793129470000054e+02,1.140793129470000054e+02,2.360000000000000142e+01,8.000000000000000000e+00,1.010000000000000000e+02,8.000000000000000000e+00,2.250000000000000000e+02,3.389999999999999858e+01,1.054999999999999938e+00,1.471999999999999975e+00,1.000000000000000056e-01,4.570000000000000284e+01,3.050000000000000000e+01,1.209999999999999964e+01,3.360000000000000142e+01,1.011500000000000057e+02,5.000000000000000000e-01,0.000000000000000000e+00,1.000000000000000000e+00,2.000000000000000000e+00,1.010840639740000029e+02,1.010840639740000029e+02,2.030000000000000071e+01,7.000000000000000000e+00,5.000000000000000000e+01,-1.000000000000000000e+00,1.765000000000000000e+02,1.830000000000000071e+01,9.050000000000000266e-01,1.433999999999999941e+00,1.000000000000000000e+00,4.139999999999999858e+01,2.910000000000000142e+01,1.150000000000000000e+01,2.780000000000000071e+01
2.857105320106359869e+00,-1.272999219090420020e+00,9.102913958780970427e-01,-8.946133462400600311e-02,-2.367325139260620104e-01,-4.760814925199409742e-01,-1.339122604635220037e-01,-5.585527304754620004e-02,3.337543275318760050e-01,-6.192722324196000550e-01,-8.367567351893979710e-01,-8.012965170199309872e-01,-1.034011413398290058e+00,-1.520440293702560064e+00,1.560139206200839901e+00,-1.812467822169779863e-01,-3.923410287323880058e-02,7.030264422186760509e-01,2.800000000000000266e-01,1.141500000000000057e+02,-5.000000000000000000e-01,0.000000000000000000e+00,1.000000000000000000e+00,0.000000000000000000e+00,1.140793129470000054e+02,1.140793129470000054e+02,2.360000000000000142e+01,8.000000000000000000e+00,1.010000000000000000e+02,8.000000000000000000e+00,2.250000000000000000e+02,3.389999999999999858e+01,1.054999999999999938e+00,1.471999999999999975e+00,1.000000000000000056e-01,4.570000000000000284e+01,3.050000000000000000e+01,1.209999999999999964e+01,3.360000000000000142e+01,1.011500000000000057e+02,5.000000000000000000e-01,0.000000000000000000e+00,1.000000000000000000e+00,2.000000000000000000e+00,1.010840639740000029e+02,1.010840639740000029e+02,2.030000000000000071e+01,7.000000000000000000e+00,5.000000000000000000e+01,-1.000000000000000000e+00,1.765000000000000000e+02,1.830000000000000071e+01,9.050000000000000266e-01,1.433999999999999941e+00,1.000000000000000000e+00,4.139999999999999858e+01,2.910000000000000142e+01,1.150000000000000000e+01,2.780000000000000071e+01
2.571589545966030066e+00,-2.665846047020080101e-01,-7.422997096699149866e-01,-2.593995485679099766e-01,8.786757514265729485e-01,-1.890125175466019977e-02,1.429694226105689969e+00,-8.783893109328460014e-01,4.772258680512290185e-01,-6.192722324196000550e-01,-8.367567351893979710e-01,-8.012965170199309872e-01,-1.034011413398290058e+00,-1.520440293702560064e+00,1.560139206200839901e+00,-1.812467822169779863e-01,-3.923410287323880058e-02,7.030264422186760509e-01,4.199999999999999845e-01,9.912999999999999545e+01,-5.000000000000000000e-01,0.000000000000000000e+00,1.000000000000000000e+00,0.000000000000000000e+00,9.906841391099999328e+01,9.906841391099999328e+01,2.030000000000000071e+01,7.000000000000000000e+00,9.009999999999999432e+01,-2.400000000000000000e+01,2.020000000000000000e+02,9.100000000000000000e+01,1.028000000000000025e+00,1.467999999999999972e+00,2.999999999999999889e-01,4.379999999999999716e+01,2.689999999999999858e+01,1.059999999999999964e+01,3.379999999999999716e+01,1.011500000000000057e+02,5.000000000000000000e-01,0.000000000000000000e+00,1.000000000000000000e+00,2.000000000000000000e+00,1.010840639740000029e+02,1.010840639740000029e+02,2.030000000000000071e+01,7.000000000000000000e+00,5.000000000000000000e+01,-1.000000000000000000e+00,1.765000000000000000e+02,1.830000000000000071e+01,9.050000000000000266e-01,1.433999999999999941e+00,1.000000000000000000e+00,4.139999999999999858e+01,2.910000000000000142e+01,1.150000000000000000e+01,2.780000000000000071e+01
-1.324705803059770037e+00,-1.601064662974019948e+00,6.018324436961870472e-01,-2.514903787083930253e-01,6.964265125505000320e-01,-9.066671834746520275e-02,-1.073444503424390017e+00,-1.948103052732050033e-01,-4.402574710484489784e-01,-6.192722324196000550e-01,-8.367567351893979710e-01,-8.012965170199309872e-01,-1.034011413398290058e+00,-1.520440293702560064e+00,1.560139206200839901e+00,-1.812467822169779863e-01,-3.923410287323880058e-02,7.030264422186760509e-01,8.499999999999999778e-01,1.161599999999999966e+02,2.000000000000000111e-01,0.000000000000000000e+00,1.000000000000000000e+00,0.000000000000000000e+00,1.160949630110000044e+02,1.160949630110000044e+02,2.360000000000000142e+01,8.000000000000000000e+00,7.840000000000000568e+01,-1.000000000000000000e+00,1.770000000000000000e+02,2.389999999999999858e+01,2.389999999999999858e+01,1.451000000000000068e+00,1.199999999999999956e+00,4.120000000000000284e+01,3.270000000000000284e+01,1.300000000000000000e+01,3.019999999999999929e+01,1.011500000000000057e+02,5.000000000000000000e-01,0.000000000000000000e+00,1.000000000000000000e+00,2.000000000000000000e+00,1.010840639740000029e+02,1.010840639740000029e+02,2.030000000000000071e+01,7.000000000000000000e+00,5.000000000000000000e+01,-1.000000000000000000e+00,1.765000000000000000e+02,1.830000000000000071e+01,9.050000000000000266e-01,1.433999999999999941e+00,1.000000000000000000e+00,4.139999999999999858e+01,2.910000000000000142e+01,1.150000000000000000e+01,2.780000000000000071e+01
-1.324705803059770037e+00,-1.601064662974019948e+00,6.018324436961870472e-01,-2.514903787083930253e-01,6.964265125505000320e-01,-9.066671834746520275e-02,-1.073444503424390017e+00,-1.948103052732050033e-01,-4.402574710484489784e-01,-6.192722324196000550e-01,-8.367567351893979710e-01,-8.012965170199309872e-01,-1.034011413398290058e+00,-1.520440293702560064e+00,1.560139206200839901e+00,-1.812467822169779863e-01,-3.923410287323880058e-02,7.030264422186760509e-01,5.799999999999999600e-01,1.161599999999999966e+02,2.000000000000000111e-01,0.000000000000000000e+00,1.000000000000000000e+00,0.000000000000000000e+00,1.160949630110000044e+02,1.160949630110000044e+02,2.360000000000000142e+01,8.000000000000000000e+00,7.840000000000000568e+01,-1.000000000000000000e+00,1.770000000000000000e+02,2.389999999999999858e+01,2.389999999999999858e+01,1.451000000000000068e+00,1.199999999999999956e+00,4.120000000000000284e+01,3.270000000000000284e+01,1.300000000000000000e+01,3.019999999999999929e+01,1.011500000000000057e+02,5.000000000000000000e-01,0.000000000000000000e+00,1.000000000000000000e+00,2.000000000000000000e+00,1.010840639740000029e+02,1.010840639740000029e+02,2.030000000000000071e+01,7.000000000000000000e+00,5.000000000000000000e+01,-1.000000000000000000e+00,1.765000000000000000e+02,1.830000000000000071e+01,9.050000000000000266e-01,1.433999999999999941e+00,1.000000000000000000e+00,4.139999999999999858e+01,2.910000000000000142e+01,1.150000000000000000e+01,2.780000000000000071e+01
-1.324705803059770037e+00,-1.601064662974019948e+00,6.018324436961870472e-01,-2.514903787083930253e-01,6.964265125505000320e-01,-9.066671834746520275e-02,-1.073444503424390017e+00,-1.948103052732050033e-01,-4.402574710484489784e-01,-6.192722324196000550e-01,-8.367567351893979710e-01,-8.012965170199309872e-01,-1.034011413398290058e+00,-1.520440293702560064e+00,1.560139206200839901e+00,-1.812467822169779863e-01,-3.923410287323880058e-02,7.030264422186760509e-01,1.100000000000000006e-01,1.161599999999999966e+02,2.000000000000000111e-01,0.000000000000000000e+00,1.000000000000000000e+00,0.000000000000000000e+00,1.160949630110000044e+02,1.160949630110000044e+02,2.360000000000000142e+01,8.000000000000000000e+00,7.840000000000000568e+01,-1.000000000000000000e+00,1.770000000000000000e+02,2.389999999999999858e+01,2.389999999999999858e+01,1.451000000000000068e+00,1.199999999999999956e+00,4.120000000000000284e+01,3.270000000000000284e+01,1.300000000000000000e+01,3.019999999999999929e+01,1.011500000000000057e+02,5.000000000000000000e-01,0.000000000000000000e+00,1.000000000000000000e+00,2.000000000000000000e+00,1.010840639740000029e+02,1.010840639740000029e+02,2.030000000000000071e+01,7.000000000000000000e+00,5.000000000000000000e+01,-1.000000000000000000e+00,1.765000000000000000e+02,1.830000000000000071e+01,9.050000000000000266e-01,1.433999999999999941e+00,1.000000000000000000e+00,4.139999999999999858e+01,2.910000000000000142e+01,1.150000000000000000e+01,2.780000000000000071e+01
